,input
0,john
1,william
2,james
3,charles
4,george
5,frank
6,joseph
7,thomas
8,henry
9,robert
10,edward
11,harry
12,walter
13,arthur
14,fred
15,albert
16,samuel
17,david
18,louis
19,joe
20,charlie
21,clarence
22,richard
23,andrew
24,daniel
25,ernest
26,will
27,jesse
28,oscar
29,lewis
30,peter
31,benjamin
32,frederick
33,willie
34,alfred
35,sam
36,roy
37,herbert
38,jacob
39,tom
40,elmer
41,carl
42,lee
43,howard
44,martin
45,michael
46,bert
47,herman
48,jim
49,francis
50,harvey
51,earl
52,eugene
53,ralph
54,ed
55,claude
56,edwin
57,ben
58,charley
59,paul
60,edgar
61,isaac
62,otto
63,luther
64,lawrence
65,ira
66,patrick
67,guy
68,oliver
69,theodore
70,hugh
71,clyde
72,alexander
73,august
74,floyd
75,homer
76,jack
77,leonard
78,horace
79,marion
80,philip
81,allen
82,archie
83,stephen
84,chester
85,willis
86,raymond
87,rufus
88,warren
89,jessie
90,milton
91,alex
92,leo
93,julius
94,ray
95,sidney
96,bernard
97,dan
98,jerry
99,calvin
100,perry
101,dave
102,anthony
103,eddie
104,amos
105,dennis
106,clifford
107,leroy
108,wesley
109,alonzo
110,garfield
111,franklin
112,emil
113,leon
114,nathan
115,harold
116,matthew
117,levi
118,moses
119,everett
120,lester
121,winfield
122,adam
123,lloyd
124,mack
125,fredrick
126,jay
127,jess
128,melvin
129,noah
130,aaron
131,alvin
132,norman
133,gilbert
134,elijah
135,victor
136,gus
137,nelson
138,jasper
139,silas
140,christopher
141,jake
142,mike
143,percy
144,adolph
145,maurice
146,cornelius
147,felix
148,reuben
149,wallace
150,claud
151,roscoe
152,sylvester
153,earnest
154,hiram
155,otis
156,simon
157,willard
158,irvin
159,mark
160,jose
161,wilbur
162,abraham
163,virgil
164,clinton
165,elbert
166,leslie
167,marshall
168,owen
169,wiley
170,anton
171,morris
172,manuel
173,phillip
174,augustus
175,emmett
176,eli
177,nicholas
178,wilson
179,alva
180,harley
181,newton
182,timothy
183,marvin
184,ross
185,curtis
186,edmund
187,jeff
188,elias
189,harrison
190,stanley
191,columbus
192,lon
193,ora
194,ollie
195,russell
196,pearl
197,solomon
198,arch
199,asa
200,clayton
201,enoch
202,irving
203,mathew
204,nathaniel
205,scott
206,hubert
207,lemuel
208,andy
209,ellis
210,emanuel
211,joshua
212,millard
213,vernon
214,wade
215,cyrus
216,miles
217,rudolph
218,sherman
219,austin
220,bill
221,chas
222,lonnie
223,monroe
224,byron
225,edd
226,emery
227,grant
228,jerome
229,max
230,mose
231,steve
232,gordon
233,abe
234,pete
235,chris
236,clark
237,gustave
238,orville
239,lorenzo
240,bruce
241,marcus
242,preston
243,bob
244,dock
245,donald
246,jackson
247,cecil
248,barney
249,delbert
250,edmond
251,anderson
252,christian
253,glenn
254,jefferson
255,luke
256,neal
257,burt
258,ike
259,myron
260,tony
261,conrad
262,joel
263,matt
264,riley
265,vincent
266,emory
267,isaiah
268,nick
269,ezra
270,green
271,juan
272,clifton
273,lucius
274,porter
275,arnold
276,bud
277,jeremiah
278,taylor
279,forrest
280,roland
281,spencer
282,burton
283,don
284,emmet
285,gustav
286,louie
287,morgan
288,ned
289,van
290,ambrose
291,chauncey
292,elisha
293,ferdinand
294,general
295,julian
296,kenneth
297,mitchell
298,allie
299,josh
300,judson
301,lyman
302,napoleon
303,pedro
304,berry
305,dewitt
306,ervin
307,forest
308,lynn
309,pink
310,ruben
311,sanford
312,ward
313,douglas
314,ole
315,omer
316,ulysses
317,walker
318,wilbert
319,adelbert
320,benjiman
321,ivan
322,jonas
323,major
324,abner
325,archibald
326,caleb
327,clint
328,dudley
329,granville
330,king
331,mary
332,merton
333,antonio
334,bennie
335,carroll
336,freeman
337,josiah
338,milo
339,royal
340,dick
341,earle
342,elza
343,emerson
344,fletcher
345,judge
346,laurence
347,neil
348,roger
349,seth
350,glen
351,hugo
352,jimmie
353,johnnie
354,washington
355,elwood
356,gust
357,harmon
358,jordan
359,simeon
360,wayne
361,wilber
362,clem
363,evan
364,frederic
365,irwin
366,junius
367,lafayette
368,loren
369,madison
370,mason
371,orval
372,abram
373,aubrey
374,elliott
375,hans
376,karl
377,minor
378,wash
379,wilfred
380,allan
381,alphonse
382,dallas
383,dee
384,isiah
385,jason
386,johnny
387,lawson
388,lew
389,micheal
390,orin
391,addison
392,cal
393,erastus
394,francisco
395,hardy
396,lucien
397,randolph
398,stewart
399,vern
400,wilmer
401,zack
402,adrian
403,alvah
404,bertram
405,clay
406,ephraim
407,fritz
408,giles
409,grover
410,harris
411,isom
412,jesus
413,johnie
414,jonathan
415,lucian
416,malcolm
417,merritt
418,otho
419,perley
420,rolla
421,sandy
422,tomas
423,wilford
424,adolphus
425,angus
426,arther
427,carlos
428,cary
429,cassius
430,davis
431,hamilton
432,harve
433,israel
434,leander
435,melville
436,merle
437,murray
438,pleasant
439,sterling
440,steven
441,axel
442,boyd
443,bryant
444,clement
445,erwin
446,ezekiel
447,foster
448,frances
449,geo
450,houston
451,issac
452,jules
453,larkin
454,mat
455,morton
456,orlando
457,pierce
458,prince
459,rollie
460,rollin
461,sim
462,stuart
463,wilburn
464,bennett
465,casper
466,christ
467,dell
468,egbert
469,elmo
470,fay
471,gabriel
472,hector
473,horatio
474,lige
475,saul
476,smith
477,squire
478,tobe
479,tommie
480,wyatt
481,alford
482,alma
483,alton
484,andres
485,burl
486,cicero
487,dean
488,dorsey
489,enos
490,howell
491,lou
492,loyd
493,mahlon
494,nat
495,omar
496,oran
497,parker
498,raleigh
499,reginald
500,rubin
501,seymour
502,wm
503,young
504,benjamine
505,carey
506,carlton
507,eldridge
508,elzie
509,garrett
510,isham
511,johnson
512,larry
513,logan
514,merrill
515,mont
516,oren
517,pierre
518,rex
519,rodney
520,ted
521,webster
522,west
523,wheeler
524,willam
525,al
526,aloysius
527,alvie
528,anna
529,art
530,augustine
531,bailey
532,benjaman
533,beverly
534,bishop
535,clair
536,cloyd
537,coleman
538,dana
539,duncan
540,dwight
541,emile
542,evert
543,henderson
544,hunter
545,jean
546,lem
547,luis
548,mathias
549,maynard
550,miguel
551,mortimer
552,nels
553,norris
554,pat
555,phil
556,rush
557,santiago
558,sol
559,sydney
560,thaddeus
561,thornton
562,tim
563,travis
564,truman
565,watson
566,webb
567,wellington
568,winfred
569,wylie
570,alec
571,basil
572,baxter
573,bertrand
574,buford
575,burr
576,cleveland
577,colonel
578,dempsey
579,early
580,ellsworth
581,fate
582,finley
583,gabe
584,garland
585,gerald
586,herschel
587,hezekiah
588,justus
589,lindsey
590,marcellus
591,olaf
592,olin
593,pablo
594,rolland
595,turner
596,verne
597,volney
598,williams
599,almon
600,alois
601,alonza
602,anson
603,authur
604,benton
605,billie
606,cornelious
607,darius
608,denis
609,dillard
610,doctor
611,elvin
612,emma
613,eric
614,evans
615,gideon
616,haywood
617,hilliard
618,hosea
619,lincoln
620,lonzo
621,lucious
622,lum
623,malachi
624,newt
625,noel
626,orie
627,palmer
628,pinkney
629,shirley
630,sumner
631,terry
632,urban
633,uriah
634,valentine
635,waldo
636,warner
637,wong
638,zeb
639,abel
640,alden
641,archer
642,avery
643,carson
644,cullen
645,doc
646,eben
647,elige
648,elizabeth
649,elmore
650,ernst
651,finis
652,freddie
653,godfrey
654,guss
655,hamp
656,hermann
657,isadore
658,isreal
659,jones
660,june
661,lacy
662,lafe
663,leland
664,llewellyn
665,ludwig
666,manford
667,maxwell
668,minnie
669,obie
670,octave
671,orrin
672,ossie
673,oswald
674,park
675,parley
676,ramon
677,rice
678,stonewall
679,theo
680,tillman
681,addie
682,aron
683,ashley
684,bernhard
685,bertie
686,berton
687,buster
688,butler
689,carleton
690,carrie
691,clara
692,clarance
693,clare
694,crawford
695,danial
696,dayton
697,dolphus
698,elder
699,ephriam
700,fayette
701,felipe
702,fernando
703,flem
704,florence
705,ford
706,harlan
707,hayes
708,henery
709,hoy
710,huston
711,ida
712,ivory
713,jonah
714,justin
715,lenard
716,leopold
717,lionel
718,manley
719,marquis
720,marshal
721,mart
722,odie
723,olen
724,oral
725,orley
726,otha
727,press
728,price
729,quincy
730,randall
731,rich
732,richmond
733,romeo
734,russel
735,rutherford
736,shade
737,shelby
738,solon
739,thurman
740,tilden
741,troy
742,woodson
743,worth
744,aden
745,alcide
746,alf
747,algie
748,arlie
749,bart
750,bedford
751,benito
752,billy
753,bird
754,birt
755,bruno
756,burley
757,chancy
758,claus
759,cliff
760,clovis
761,connie
762,creed
763,delos
764,duke
765,eber
766,eligah
767,elliot
768,elton
769,emmitt
770,gene
771,golden
772,hal
773,hardin
774,harman
775,hervey
776,hollis
777,ivey
778,jennie
779,len
780,lindsay
781,lonie
782,lyle
783,mac
784,mal
785,math
786,miller
787,orson
788,osborne
789,percival
790,pleas
791,ples
792,rafael
793,raoul
794,roderick
795,rose
796,shelton
797,sid
798,theron
799,tobias
800,toney
801,tyler
802,vance
803,vivian
804,walton
805,watt
806,weaver
807,wilton
808,adolf
809,albin
810,albion
811,allison
812,alpha
813,alpheus
814,anastacio
815,andre
816,annie
817,arlington
818,armand
819,asberry
820,asbury
821,asher
822,augustin
823,auther
824,author
825,ballard
826,blas
827,caesar
828,candido
829,cato
830,clarke
831,clemente
832,colin
833,commodore
834,cora
835,coy
836,cruz
837,curt
838,damon
839,davie
840,delmar
841,dexter
842,dora
843,doss
844,drew
845,edson
846,elam
847,elihu
848,eliza
849,elsie
850,erie
851,ernie
852,ethel
853,ferd
854,friend
855,garry
856,gary
857,grace
858,gustaf
859,hallie
860,hampton
861,harrie
862,hattie
863,hence
864,hillard
865,hollie
866,holmes
867,hope
868,hyman
869,ishmael
870,jarrett
871,jessee
872,joeseph
873,junious
874,kirk
875,levy
876,mervin
877,michel
878,milford
879,mitchel
880,nellie
881,noble
882,obed
883,oda
884,orren
885,ottis
886,rafe
887,redden
888,reese
889,rube
890,ruby
891,rupert
892,salomon
893,sammie
894,sanders
895,soloman
896,stacy
897,stanford
898,stanton
899,thad
900,titus
901,tracy
902,vernie
903,wendell
904,wilhelm
905,willian
906,yee
907,zeke
908,ab
909,abbott
910,agustus
911,albertus
912,almer
913,alphonso
914,alvia
915,artie
916,arvid
917,ashby
918,augusta
919,aurthur
920,babe
921,baldwin
922,barnett
923,bartholomew
924,barton
925,bernie
926,blaine
927,boston
928,brad
929,bradford
930,bradley
931,brooks
932,buck
933,budd
934,ceylon
935,chalmers
936,chesley
937,chin
938,cleo
939,crockett
940,cyril
941,daisy
942,denver
943,dow
944,duff
945,edie
946,edith
947,elick
948,elie
949,eliga
950,eliseo
951,elroy
952,ely
953,ennis
954,enrique
955,erasmus
956,esau
957,everette
958,firman
959,fleming
960,flora
961,gardner
962,gee
963,gorge
964,gottlieb
965,gregorio
966,gregory
967,gustavus
968,halsey
969,handy
970,hardie
971,harl
972,hayden
973,hays
974,hermon
975,hershel
976,holly
977,hosteen
978,hoyt
979,hudson
980,huey
981,humphrey
982,hunt
983,hyrum
984,irven
985,isam
986,ivy
987,jabez
988,jewel
989,jodie
990,judd
991,julious
992,justice
993,katherine
994,kelly
995,kit
996,knute
997,lavern
998,lawyer
999,layton
1000,brown
1001,newell
1002,carter
1003,lucas
1004,ransom
1005,bee
1006,meyer
1007,paris
1008,byrd
1009,deforest
1010,dolph
1011,harper
1012,jule
1013,lambert
1014,margaret
1015,ocie
1016,orange
1017,reece
1018,roe
1019,ambers
1020,bessie
1021,collins
1022,elbridge
1023,eldon
1024,elvis
1025,gaston
1026,guadalupe
1027,hartwell
1028,knox
1029,lue
1030,manning
1031,ola
1032,reed
1033,sampson
1034,samual
1035,thos
1036,todd
1037,tommy
1038,unknown
1039,wirt
1040,woodie
1041,alice
1042,alvis
1043,ammon
1044,boss
1045,cas
1046,cass
1047,chalmer
1048,denton
1049,elsworth
1050,erving
1051,fredric
1052,furman
1053,helen
1054,pearlie
1055,plummer
1056,presley
1057,rollo
1058,roswell
1059,ruffus
1060,sheldon
1061,tilman
1062,york
1063,acie
1064,alfonso
1065,ashton
1066,burke
1067,cap
1068,casimiro
1069,collie
1070,curley
1071,dale
1072,dixon
1073,dominick
1074,garret
1075,gerrit
1076,griffin
1077,hall
1078,heber
1079,hurley
1080,isidore
1081,lorenza
1082,marian
1083,maud
1084,maude
1085,murphy
1086,obe
1087,orla
1088,orlo
1089,orrie
1090,sebastian
1091,starling
1092,tolbert
1093,whit
1094,adrien
1095,alto
1096,angelo
1097,antone
1098,arden
1099,atticus
1100,belton
1101,bertha
1102,blair
1103,burrell
1104,callie
1105,campbell
1106,champ
1107,coley
1108,conway
1109,craig
1110,dalton
1111,darrell
1112,darwin
1113,dennie
1114,ebb
1115,ebbie
1116,edna
1117,ellison
1118,elonzo
1119,emit
1120,emry
1121,ephram
1122,esequiel
1123,essie
1124,esta
1125,evertt
1126,garner
1127,garnett
1128,graham
1129,gregg
1130,halbert
1131,harvie
1132,harvy
1133,hubbard
1134,jared
1135,jere
1136,joesph
1137,johnathan
1138,juluis
1139,kirby
1140,kyle
1141,lane
1142,lawerence
1143,less
1144,linwood
1145,louise
1146,lowell
1147,loy
1148,lucy
1149,manly
1150,mannie
1151,marcel
1152,marius
1153,marrion
1154,mercer
1155,monte
1156,montgomery
1157,nolan
1158,okey
1159,page
1160,philo
1161,primus
1162,prosper
1163,pryor
1164,rene
1165,robin
1166,roll
1167,seward
1168,shannon
1169,talmage
1170,vaughn
1171,verner
1172,waverly
1173,weldon
1174,wells
1175,wiliam
1176,wing
1177,wood
1178,wright
1179,add
1180,adelard
1181,cleve
1182,linus
1183,martha
1184,reinhold
1185,junior
1186,ace
1187,armstead
1188,benedict
1189,brice
1190,gibson
1191,may
1192,mills
1193,adolfo
1194,alanzo
1195,antoine
1196,ethan
1197,eustace
1198,ewing
1199,fernand
1200,fisher
1201,gail
1202,harland
1203,hilary
1204,hosie
1205,lemon
1206,lora
1207,marsh
1208,newman
1209,nickolas
1210,olie
1211,pearley
1212,roman
1213,rome
1214,rowland
1215,shelly
1216,vicente
1217,weston
1218,alan
1219,alberto
1220,alexis
1221,auguste
1222,bascom
1223,cameron
1224,camille
1225,clabe
1226,cooper
1227,domingo
1228,elwin
1229,emilio
1230,french
1231,gerhard
1232,hansford
1233,jarvis
1234,jobe
1235,josephus
1236,landon
1237,lennie
1238,leonidas
1239,lesley
1240,lillian
1241,linn
1242,littleton
1243,lone
1244,margarito
1245,mattie
1246,melton
1247,ott
1248,randle
1249,seaborn
1250,severt
1251,steward
1252,sylvanus
1253,theadore
1254,theophile
1255,vester
1256,wenzel
1257,alby
1258,alcee
1259,almond
1260,alvy
1261,amon
1262,ansel
1263,bayard
1264,benny
1265,bluford
1266,booker
1267,burnett
1268,burney
1269,caswell
1270,claudie
1271,conley
1272,cortez
1273,dionicio
1274,donnie
1275,eldred
1276,ell
1277,ellery
1278,ellwood
1279,elva
1280,emmit
1281,erle
1282,essex
1283,ewell
1284,ewin
1285,fabian
1286,florencio
1287,fremont
1288,gaines
1289,garnet
1290,gaylord
1291,german
1292,greene
1293,brady
1294,festus
1295,jewell
1296,odell
1297,rosco
1298,bernice
1299,chauncy
1300,delmer
1301,effie
1302,ellie
1303,jimmy
1304,lars
1305,milas
1306,miner
1307,rogers
1308,sarah
1309,wess
1310,woody
1311,bryan
1312,douglass
1313,hilton
1314,irvine
1315,isidor
1316,jeptha
1317,mabel
1318,malcom
1319,mell
1320,olof
1321,robt
1322,ronald
1323,simpson
1324,spurgeon
1325,tandy
1326,thurlow
1327,toy
1328,winston
1329,zeno
1330,alphonsus
1331,alvan
1332,amado
1333,ananias
1334,ancel
1335,atlas
1336,banks
1337,barry
1338,blake
1339,blanchard
1340,bose
1341,captain
1342,ceasar
1343,chance
1344,chancey
1345,charle
1346,clide
1347,dink
1348,ella
1349,emett
1350,erick
1351,estill
1352,fenton
1353,gale
1354,gay
1355,grove
1356,hanson
1357,harlie
1358,harlow
1359,haskell
1360,ingram
1361,iva
1362,jep
1363,joy
1364,lessie
1365,lillie
1366,linton
1367,linzy
1368,little
1369,loney
1370,loring
1371,lovie
1372,lute
1373,mace
1374,matthias
1375,meredith
1376,benjamen
1377,jens
1378,oakley
1379,whitney
1380,donaciano
1381,hayward
1382,loran
1383,love
1384,son
1385,tollie
1386,vollie
1387,bonnie
1388,catherine
1389,ebenezer
1390,ewald
1391,herb
1392,julia
1393,silvester
1394,stafford
1395,sullivan
1396,thurston
1397,wayman
1398,wes
1399,winnie
1400,burrel
1401,cleon
1402,dozier
1403,elden
1404,fulton
1405,helmer
1406,hill
1407,hjalmer
1408,ignatz
1409,kelley
1410,marlin
1411,moody
1412,myrtle
1413,namon
1414,odin
1415,odis
1416,oley
1417,osborn
1418,osie
1419,prentice
1420,purl
1421,roby
1422,shep
1423,simmie
1424,stanislaus
1425,vander
1426,zollie
1427,abb
1428,ah
1429,aleck
1430,beecher
1431,blain
1432,bowman
1433,bunk
1434,burgess
1435,carol
1436,charly
1437,clell
1438,cody
1439,lamar
1440,worley
1441,arley
1442,nicolas
1443,terence
1444,claire
1445,earley
1446,elzy
1447,fielding
1448,gertrude
1449,nora
1450,norton
1451,clemens
1452,earlie
1453,ellen
1454,epifanio
1455,glover
1456,lark
1457,laurance
1458,leigh
1459,braxton
1460,cleave
1461,colon
1462,constantine
1463,dominic
1464,emiliano
1465,fleet
1466,franklyn
1467,hobart
1468,josephine
1469,laverne
1470,lillard
1471,lim
1472,merlin
1473,milan
1474,nim
1475,norbert
1476,north
1477,orland
1478,orvis
1479,reason
1480,rob
1481,virge
1482,zenas
1483,ada
1484,alejandro
1485,atha
1486,audie
1487,boyce
1488,brent
1489,burdette
1490,cash
1491,chase
1492,clive
1493,courtney
1494,cris
1495,dawson
1496,drury
1497,duane
1498,elon
1499,estevan
1500,fitzhugh
1501,fount
1502,gray
1503,terrence
1504,bartley
1505,shedrick
1506,dixie
1507,ignacio
1508,merl
1509,nehemiah
1510,norwood
1511,raphael
1512,reno
1513,rudy
1514,rueben
1515,sylvan
1516,virgle
1517,charls
1518,cole
1519,elby
1520,ferman
1521,fern
1522,florian
1523,fuller
1524,gorden
1525,gussie
1526,ham
1527,hazel
1528,ignatius
1529,joaquin
1530,lacey
1531,laurie
1532,lilburn
1533,lovell
1534,lovett
1535,malvin
1536,manson
1537,pratt
1538,reid
1539,ruffin
1540,tomie
1541,vince
1542,wayland
1543,acey
1544,alger
1545,algernon
1546,amasa
1547,amil
1548,barrett
1549,britt
1550,burns
1551,calhoun
1552,christy
1553,cletus
1554,colbert
1555,courtland
1556,myles
1557,irl
1558,benson
1559,norval
1560,armond
1561,frazier
1562,thompson
1563,alfredo
1564,grady
1565,lorenz
1566,peyton
1567,seldon
1568,ethelbert
1569,eva
1570,gilman
1571,henri
1572,iver
1573,laura
1574,leonce
1575,mamie
1576,orion
1577,ottie
1578,rudolf
1579,selmer
1580,shepherd
1581,yancy
1582,abbie
1583,agnes
1584,arnie
1585,arvin
1586,blanche
1587,bliss
1588,cassie
1589,dewey
1590,diego
1591,dorr
1592,edmon
1593,estes
1594,gilford
1595,graves
1596,hillery
1597,laurel
1598,carlisle
1599,hughie
1600,orvel
1601,angel
1602,horton
1603,lena
1604,marie
1605,waymon
1606,arno
1607,burnie
1608,elgie
1609,fannie
1610,felton
1611,keith
1612,maxie
1613,nils
1614,sie
1615,sonny
1616,vere
1617,virgie
1618,benjman
1619,bernardo
1620,casey
1621,celestino
1622,cephus
1623,della
1624,hart
1625,hillary
1626,hilmer
1627,holland
1628,jacques
1629,johny
1630,jordon
1631,julien
1632,julio
1633,kay
1634,le
1635,leeroy
1636,liston
1637,lott
1638,doyle
1639,gerard
1640,alfonzo
1641,carlie
1642,branch
1643,bush
1644,elgin
1645,federico
1646,franz
1647,governor
1648,maury
1649,nancy
1650,salvatore
1651,werner
1652,edw
1653,ernesto
1654,fed
1655,foy
1656,galen
1657,genie
1658,hjalmar
1659,lawton
1660,levin
1661,lish
1662,pascal
1663,posey
1664,redmond
1665,rosendo
1666,talmadge
1667,winford
1668,abie
1669,alta
1670,alver
1671,anatole
1672,bobbie
1673,boone
1674,buell
1675,claiborne
1676,loyal
1677,eduardo
1678,maggie
1679,needham
1680,mansfield
1681,ras
1682,guilford
1683,sing
1684,xavier
1685,charlton
1686,eula
1687,mckinley
1688,polk
1689,shellie
1690,bentley
1691,claudius
1692,conard
1693,cornell
1694,ester
1695,esther
1696,mae
1697,mildred
1698,neely
1699,owens
1700,rance
1701,red
1702,robbie
1703,sigurd
1704,teddy
1705,val
1706,almus
1707,sheridan
1708,lorin
1709,carmine
1710,jonnie
1711,kent
1712,murl
1713,ricardo
1714,wilfrid
1715,adlai
1716,buddie
1717,burk
1718,dessie
1719,edison
1720,gifford
1721,goldie
1722,hurbert
1723,iverson
1724,job
1725,leamon
1726,olive
1727,powell
1728,rexford
1729,roma
1730,romie
1731,vick
1732,waldemar
1733,zebulon
1734,alferd
1735,algot
1736,alphons
1737,audley
1738,barnard
1739,berkley
1740,bethel
1741,caroline
1742,corbett
1743,ruth
1744,fidel
1745,guillermo
1746,murry
1747,reubin
1748,rocco
1749,samson
1750,westley
1751,alba
1752,irene
1753,murdock
1754,nolen
1755,royce
1756,ruel
1757,willaim
1758,beryl
1759,beulah
1760,burleigh
1761,carrol
1762,con
1763,dillon
1764,ebert
1765,encarnacion
1766,cedric
1767,estel
1768,mayo
1769,shelley
1770,thorwald
1771,durward
1772,luster
1773,arnett
1774,aubra
1775,avon
1776,bolden
1777,dannie
1778,elex
1779,ferris
1780,jeffie
1781,lexie
1782,link
1783,moises
1784,myer
1785,carlyle
1786,arvel
1787,erby
1788,floy
1789,hughey
1790,ovid
1791,alston
1792,audrey
1793,buddy
1794,clemmie
1795,clemon
1796,dorothy
1797,einar
1798,gurney
1799,hebert
1800,hezzie
1801,kurt
1802,lois
1803,lula
1804,mearl
1805,oddie
1806,ramsey
1807,vinton
1808,zed
1809,audy
1810,barnie
1811,donat
1812,emmons
1813,erich
1814,esley
1815,eston
1816,roosevelt
1817,hartley
1818,jennings
1819,hobert
1820,montie
1821,rae
1822,arvil
1823,casimer
1824,elwyn
1825,evander
1826,gaither
1827,grafton
1828,guthrie
1829,jettie
1830,lannie
1831,lea
1832,moe
1833,nestor
1834,ovila
1835,reynold
1836,reynolds
1837,susie
1838,true
1839,alwin
1840,casimir
1841,vergil
1842,hazen
1843,sigmund
1844,saint
1845,silver
1846,eugenio
1847,lisle
1848,milburn
1849,carmen
1850,orris
1851,rayford
1852,raymon
1853,virgel
1854,aloys
1855,cam
1856,hale
1857,nile
1858,offie
1859,opal
1860,rosa
1861,wardell
1862,willy
1863,acy
1864,arthor
1865,boysie
1866,britton
1867,oris
1868,gladys
1869,georgia
1870,bryon
1871,elvie
1872,frankie
1873,mario
1874,pasquale
1875,rhoda
1876,rossie
1877,sherwood
1878,buel
1879,clearence
1880,dabney
1881,diamond
1882,dorris
1883,everet
1884,ezell
1885,hobson
1886,admiral
1887,shafter
1888,maceo
1889,schley
1890,ewart
1891,patsy
1892,arba
1893,orvil
1894,adams
1895,collier
1896,gayle
1897,gladstone
1898,hilario
1899,kathryn
1900,mickey
1901,odus
1902,vernal
1903,von
1904,haven
1905,williard
1906,stephan
1907,collis
1908,griffith
1909,jethro
1910,vic
1911,viola
1912,baker
1913,beatrice
1914,bynum
1915,colvin
1916,doris
1917,elizah
1918,eunice
1919,leighton
1920,linnie
1921,lizzie
1922,rosevelt
1923,farris
1924,lemmie
1925,estell
1926,goebel
1927,tallie
1928,arlo
1929,artis
1930,collin
1931,eddy
1932,hester
1933,lauren
1934,lupe
1935,ozie
1936,salvador
1937,santos
1938,schuyler
1939,arturo
1940,donovan
1941,kermit
1942,eino
1943,olan
1944,danny
1945,lola
1946,esco
1947,josef
1948,lance
1949,leona
1950,mathews
1951,ova
1952,pate
1953,regis
1954,rosario
1955,vito
1956,adron
1957,ancil
1958,arland
1959,buren
1960,erland
1961,johney
1962,clarnce
1963,garvin
1964,agustin
1965,nathen
1966,oneal
1967,verna
1968,victoriano
1969,doll
1970,georgie
1971,heyward
1972,ivor
1973,myrl
1974,beckham
1975,thedore
1976,thelma
1977,trinidad
1978,verl
1979,evelyn
1980,hershell
1981,marty
1982,roberto
1983,teddie
1984,terrell
1985,hilbert
1986,lenon
1987,lenord
1988,ozzie
1989,porfirio
1990,sammy
1991,rayfield
1992,waino
1993,clemence
1994,harm
1995,jamie
1996,vincenzo
1997,welton
1998,adrain
1999,arbie
2000,betty
2001,bobby
2002,desmond
2003,domenic
2004,duard
2005,raul
2006,severo
2007,tobie
2008,council
2009,domenick
2010,darrel
2011,graydon
2012,fredie
2013,eliot
2014,hoke
2015,pauline
2016,tyree
2017,arne
2018,bell
2019,carlo
2020,hansel
2021,jiles
2022,leonardo
2023,quentin
2024,toby
2025,verlin
2026,winthrop
2027,domenico
2028,harrold
2029,lucille
2030,ryan
2031,benard
2032,quinton
2033,rodolfo
2034,armando
2035,delmas
2036,denzil
2037,luciano
2038,lyndon
2039,vera
2040,taft
2041,delphin
2042,rodger
2043,woodrow
2044,burnice
2045,giovanni
2046,americo
2047,ardell
2048,delmus
2049,gilmer
2050,lucio
2051,mariano
2052,ogden
2053,oland
2054,prentiss
2055,samie
2056,hadley
2057,francesco
2058,toivo
2059,robley
2060,verle
2061,farrell
2062,nathanial
2063,reyes
2064,eleanor
2065,emmanuel
2066,esker
2067,florentino
2068,gaetano
2069,levie
2070,guido
2071,aurelio
2072,curtiss
2073,othel
2074,santo
2075,harrell
2076,lenwood
2077,leopoldo
2078,dante
2079,ann
2080,halley
2081,reino
2082,carmelo
2083,wyman
2084,silvio
2085,colie
2086,alfonse
2087,aldo
2088,amerigo
2089,enrico
2090,gasper
2091,attilio
2092,woodroe
2093,nunzio
2094,burnell
2095,erling
2096,gilberto
2097,glendon
2098,larue
2099,masao
2100,nevin
2101,armin
2102,tyrus
2103,kendall
2104,garold
2105,gennaro
2106,cosmo
2107,luigi
2108,hymen
2109,donato
2110,melbourne
2111,merwin
2112,winton
2113,gino
2114,glenwood
2115,geno
2116,glynn
2117,nello
2118,durwood
2119,gilmore
2120,saverio
2121,garth
2122,hiroshi
2123,arlin
2124,yoshio
2125,arvo
2126,deward
2127,hughes
2128,tatsuo
2129,jerald
2130,zigmund
2131,gerhardt
2132,lynwood
2133,berlin
2134,merlyn
2135,pershing
2136,hideo
2137,normand
2138,orvin
2139,joyce
2140,minoru
2141,foch
2142,bryce
2143,carmel
2144,marco
2145,winifred
2146,edsel
2147,quinten
2148,kiyoshi
2149,therman
2150,kazuo
2151,metro
2152,laddie
2153,harding
2154,kennith
2155,eloy
2156,daryl
2157,rayburn
2158,jon
2159,dewayne
2160,marcos
2161,kevin
2162,harden
2163,delton
2164,reynaldo
2165,donal
2166,toshio
2167,dwayne
2168,zane
2169,luverne
2170,jackie
2171,ramiro
2172,harlen
2173,deane
2174,dwain
2175,boris
2176,dorman
2177,coolidge
2178,refugio
2179,darold
2180,donn
2181,faustino
2182,brian
2183,melvyn
2184,esteban
2185,freddy
2186,virginia
2187,marlyn
2188,ken
2189,dwaine
2190,gearld
2191,valentino
2192,lindy
2193,lindbergh
2194,shoji
2195,denny
2196,gonzalo
2197,jorge
2198,jerrold
2199,akira
2200,maria
2201,hoover
2202,jerold
2203,arlen
2204,ronnie
2205,marcelino
2206,verlyn
2207,ismael
2208,fidencio
2209,dolores
2210,adan
2211,davey
2212,derald
2213,barbara
2214,humberto
2215,joan
2216,sherwin
2217,lavon
2218,duwayne
2219,genaro
2220,kenny
2221,rogelio
2222,rolf
2223,arnulfo
2224,gerry
2225,derl
2226,gerold
2227,arlan
2228,patricia
2229,dino
2230,wally
2231,mervyn
2232,allyn
2233,monty
2234,dickie
2235,jan
2236,arlis
2237,kaye
2238,kenton
2239,sherrill
2240,darl
2241,raymundo
2242,delano
2243,terrance
2244,ronny
2245,chuck
2246,orlin
2247,gloria
2248,darryl
2249,marc
2250,sal
2251,stan
2252,cordell
2253,darvin
2254,derrell
2255,jame
2256,jacky
2257,lanny
2258,ron
2259,marland
2260,arlyn
2261,jerrell
2262,jeffrey
2263,valentin
2264,kerry
2265,ferrell
2266,gaylon
2267,jerrel
2268,darwyn
2269,dwane
2270,randy
2271,ian
2272,delwin
2273,gustavo
2274,verlon
2275,vernell
2276,delma
2277,windell
2278,kim
2279,errol
2280,reggie
2281,geoffrey
2282,mel
2283,sergio
2284,del
2285,donnell
2286,tyrone
2287,sharon
2288,donny
2289,doug
2290,marilyn
2291,carolyn
2292,delvin
2293,janet
2294,levon
2295,ozell
2296,gaylen
2297,lamont
2298,tex
2299,lonny
2300,autry
2301,rondal
2302,randal
2303,dion
2304,greg
2305,sandra
2306,judith
2307,scotty
2308,ronal
2309,jeffery
2310,randell
2311,joey
2312,nicky
2313,leonel
2314,harlon
2315,lawrance
2316,linda
2317,barrie
2318,darnell
2319,isidro
2320,wilkie
2321,rick
2322,ricky
2323,donna
2324,janice
2325,javier
2326,wendel
2327,erik
2328,lindell
2329,judy
2330,jeffry
2331,karen
2332,brendan
2333,darell
2334,mcarthur
2335,macarthur
2336,rickey
2337,rod
2338,niles
2339,jeremy
2340,susan
2341,walt
2342,lary
2343,jaime
2344,noe
2345,rocky
2346,derek
2347,les
2348,terrill
2349,russ
2350,timmy
2351,butch
2352,sean
2353,linden
2354,roddy
2355,rickie
2356,lenny
2357,rusty
2358,dane
2359,geary
2360,eusebio
2361,garey
2362,lucky
2363,gerardo
2364,gil
2365,richie
2366,carnell
2367,chad
2368,hank
2369,dorian
2370,rolando
2371,kip
2372,mikel
2373,jonathon
2374,stevan
2375,kris
2376,jody
2377,lyn
2378,zachary
2379,brett
2380,patric
2381,rory
2382,rand
2383,robby
2384,cornel
2385,shawn
2386,skip
2387,randel
2388,jed
2389,dirk
2390,brock
2391,deryl
2392,stevie
2393,derrick
2394,jerel
2395,cesar
2396,baron
2397,kathleen
2398,stefan
2399,donell
2400,corey
2401,kelvin
2402,ezzard
2403,tod
2404,shaun
2405,brant
2406,scot
2407,efrain
2408,stacey
2409,brandon
2410,marlon
2411,jory
2412,layne
2413,danniel
2414,michial
2415,ritchie
2416,edwardo
2417,kimberly
2418,ricki
2419,kurtis
2420,cory
2421,deborah
2422,scottie
2423,erasmo
2424,rudolfo
2425,lex
2426,rodrick
2427,daryle
2428,greggory
2429,darren
2430,mikeal
2431,trent
2432,michal
2433,theodis
2434,damian
2435,kimball
2436,michale
2437,wilfredo
2438,shane
2439,robbin
2440,kraig
2441,kirt
2442,chip
2443,randolf
2444,bret
2445,antony
2446,bradly
2447,faron
2448,blaise
2449,alvaro
2450,ricci
2451,dusty
2452,debra
2453,rock
2454,keven
2455,gavin
2456,kevan
2457,blane
2458,demetrius
2459,rahn
2460,barron
2461,heriberto
2462,jude
2463,levern
2464,darcy
2465,micky
2466,kennard
2467,davy
2468,tad
2469,rhett
2470,ty
2471,mitch
2472,jefferey
2473,dann
2474,timmothy
2475,broderick
2476,derwin
2477,chet
2478,quintin
2479,timmie
2480,tab
2481,tracey
2482,jace
2483,kem
2484,brion
2485,andrea
2486,cynthia
2487,kennth
2488,renaldo
2489,desi
2490,renard
2491,trevor
2492,kenney
2493,brien
2494,cheyenne
2495,derick
2496,robb
2497,devin
2498,kerwin
2499,grayling
2500,quinn
2501,wayde
2502,maverick
2503,tobin
2504,kristopher
2505,keenan
2506,diane
2507,cheryl
2508,reinaldo
2509,jamey
2510,darrin
2511,flint
2512,darin
2513,daren
2514,efrem
2515,kieth
2516,micah
2517,andra
2518,chaim
2519,raynard
2520,leif
2521,kennedy
2522,lisa
2523,darrick
2524,darry
2525,roel
2526,darron
2527,darryle
2528,stephon
2529,darryll
2530,brenda
2531,devon
2532,arnoldo
2533,kory
2534,regan
2535,brook
2536,shayne
2537,lorne
2538,parrish
2539,drake
2540,norberto
2541,kalvin
2542,pernell
2543,markus
2544,thor
2545,osvaldo
2546,anibal
2547,daron
2548,deon
2549,edgardo
2550,geoff
2551,tammy
2552,jayson
2553,rodrigo
2554,tyron
2555,dwyane
2556,stoney
2557,tal
2558,jaimie
2559,trenton
2560,andreas
2561,vinson
2562,pamela
2563,erin
2564,mauricio
2565,rigoberto
2566,roderic
2567,destry
2568,deron
2569,fitzgerald
2570,quint
2571,kipp
2572,trey
2573,kendrick
2574,deric
2575,terance
2576,antonia
2577,shon
2578,daryn
2579,darien
2580,darryn
2581,trace
2582,darian
2583,dario
2584,chadwick
2585,brain
2586,reginal
2587,heath
2588,jarrod
2589,michelle
2590,illya
2591,brenton
2592,michele
2593,dylan
2594,efren
2595,arron
2596,tyson
2597,cedrick
2598,dereck
2599,brennan
2600,jerrod
2601,garrick
2602,jennifer
2603,angela
2604,claudio
2605,derik
2606,octavio
2607,alfie
2608,brendon
2609,kristian
2610,shad
2611,ariel
2612,liam
2613,tina
2614,beau
2615,giuseppe
2616,franco
2617,dustin
2618,jamal
2619,damien
2620,waylon
2621,colby
2622,damion
2623,brenden
2624,korey
2625,tye
2626,rico
2627,darby
2628,melissa
2629,anthoney
2630,jade
2631,lamonte
2632,shan
2633,johnathon
2634,tory
2635,trever
2636,lazaro
2637,jemal
2638,jamison
2639,aric
2640,ari
2641,donavan
2642,torrey
2643,torrance
2644,shanon
2645,chandler
2646,ali
2647,corwin
2648,amy
2649,jameson
2650,demetrios
2651,jasen
2652,davin
2653,cale
2654,jermaine
2655,malik
2656,jeromy
2657,jammie
2658,che
2659,bronson
2660,dax
2661,brandt
2662,kenyatta
2663,antione
2664,laron
2665,antwan
2666,branden
2667,dedric
2668,jayme
2669,kelsey
2670,torrence
2671,shea
2672,kenyon
2673,kristin
2674,shay
2675,corbin
2676,cristopher
2677,jeramy
2678,braden
2679,kenya
2680,dedrick
2681,tate
2682,germaine
2683,nigel
2684,jerod
2685,christoper
2686,chadd
2687,jarod
2688,tristan
2689,brannon
2690,jeremey
2691,deandre
2692,kiley
2693,donavon
2694,sedrick
2695,hassan
2696,jamel
2697,jeramie
2698,marcelo
2699,coby
2700,deshawn
2701,toriano
2702,kwame
2703,kasey
2704,demian
2705,kristofer
2706,paulo
2707,donte
2708,jarred
2709,demond
2710,kareem
2711,vidal
2712,zachariah
2713,jamar
2714,abdul
2715,jermain
2716,tremayne
2717,jeremie
2718,marlo
2719,lashawn
2720,brandy
2721,josue
2722,jabbar
2723,kristoffer
2724,diallo
2725,tito
2726,damond
2727,nicole
2728,dameon
2729,rahsaan
2730,nathanael
2731,abelardo
2732,cade
2733,vashon
2734,taurus
2735,chadrick
2736,tarik
2737,marcello
2738,dominique
2739,donta
2740,moshe
2741,zachery
2742,jevon
2743,stephanie
2744,nakia
2745,telly
2746,ahmad
2747,jamil
2748,toma
2749,trinity
2750,jereme
2751,dejuan
2752,jabari
2753,ahmed
2754,heather
2755,demarcus
2756,antwon
2757,jered
2758,rashad
2759,kristen
2760,mauro
2761,benji
2762,tavares
2763,marques
2764,rasheed
2765,jerad
2766,corry
2767,cristobal
2768,deangelo
2769,karim
2770,sharif
2771,demarco
2772,kareen
2773,rebecca
2774,raheem
2775,jamaal
2776,jovan
2777,seneca
2778,jermey
2779,torey
2780,hakim
2781,cortney
2782,jamin
2783,javon
2784,zackary
2785,ezequiel
2786,jerimy
2787,muhammad
2788,jameel
2789,brody
2790,jaron
2791,dimitrios
2792,taj
2793,tanner
2794,torry
2795,amir
2796,levar
2797,lavar
2798,kunta
2799,jedediah
2800,jerimiah
2801,kinte
2802,rashawn
2803,jeramiah
2804,jessica
2805,jedidiah
2806,amin
2807,rian
2808,conor
2809,lydell
2810,davon
2811,kaleb
2812,samir
2813,zackery
2814,khalid
2815,bo
2816,cristian
2817,demetric
2818,horacio
2819,anwar
2820,nicholaus
2821,kenji
2822,nikolas
2823,demario
2824,johnpaul
2825,nicklaus
2826,jarret
2827,kody
2828,antwain
2829,dequan
2830,lukas
2831,christina
2832,deshaun
2833,juston
2834,hasan
2835,jeb
2836,amanda
2837,andrae
2838,kendell
2839,tucker
2840,keon
2841,garett
2842,amit
2843,omari
2844,tyrell
2845,mohammad
2846,bryson
2847,tyrel
2848,tremaine
2849,jarrad
2850,rustin
2851,kai
2852,justen
2853,keegan
2854,chaz
2855,yoel
2856,jarad
2857,jessy
2858,bjorn
2859,brandan
2860,dustan
2861,isaias
2862,kellen
2863,skyler
2864,marchello
2865,mohammed
2866,johathan
2867,adalberto
2868,connor
2869,dontae
2870,taurean
2871,skylar
2872,mohamed
2873,colt
2874,kiel
2875,colton
2876,eliezer
2877,darrius
2878,tuan
2879,hung
2880,long
2881,lamarcus
2882,justine
2883,huy
2884,akeem
2885,cassidy
2886,devan
2887,martell
2888,remington
2889,jacoby
2890,jakob
2891,trumaine
2892,marquise
2893,deven
2894,crystal
2895,ryne
2896,coty
2897,grayson
2898,jerrad
2899,jarrell
2900,baby
2901,brandin
2902,alonso
2903,danielle
2904,tavon
2905,travon
2906,deonte
2907,rachel
2908,kameron
2909,tavaris
2910,tylor
2911,jairo
2912,durell
2913,durrell
2914,channing
2915,jaymes
2916,dakota
2917,keaton
2918,ulises
2919,brandyn
2920,mackenzie
2921,maximilian
2922,uriel
2923,terell
2924,kale
2925,dandre
2926,kolby
2927,joshuah
2928,martez
2929,rayshawn
2930,dangelo
2931,derrek
2932,cordero
2933,jayce
2934,yaakov
2935,kyler
2936,alexandro
2937,zechariah
2938,giancarlo
2939,garrison
2940,spenser
2941,austen
2942,payton
2943,kalen
2944,kane
2945,mychal
2946,conner
2947,cordaro
2948,dashawn
2949,holden
2950,octavius
2951,rashaad
2952,montrell
2953,jaren
2954,joseluis
2955,trevin
2956,brennen
2957,kegan
2958,camron
2959,colten
2960,codey
2961,arsenio
2962,jaquan
2963,geraldo
2964,kelby
2965,jamarcus
2966,marquez
2967,dominque
2968,brittany
2969,ridge
2970,mikhail
2971,brantley
2972,nico
2973,kade
2974,alexandre
2975,christop
2976,infant
2977,alexande
2978,hakeem
2979,kadeem
2980,gage
2981,khiry
2982,jasmine
2983,daquan
2984,niko
2985,rakeem
2986,nikko
2987,dionte
2988,samantha
2989,darion
2990,kendal
2991,kiara
2992,tiffany
2993,khalil
2994,najee
2995,ladarius
2996,stetson
2997,yosef
2998,trevon
2999,dimitri
3000,tevin
3001,denzel
3002,male
3003,laquan
3004,kiefer
3005,jorden
3006,ibrahim
3007,mykel
3008,kevon
3009,zakary
3010,aidan
3011,talon
3012,codie
3013,hernan
3014,camden
3015,deontae
3016,keenen
3017,misael
3018,devonte
3019,sage
3020,dillan
3021,gunnar
3022,shaquille
3023,dillion
3024,dylon
3025,storm
3026,domonique
3027,codi
3028,jaleel
3029,davion
3030,brayden
3031,denzell
3032,devante
3033,dijon
3034,keifer
3035,tariq
3036,babyboy
3037,sawyer
3038,desean
3039,deonta
3040,kolton
3041,justyn
3042,unnamed
3043,dejon
3044,bilal
3045,deante
3046,jalen
3047,tre
3048,davonte
3049,devonta
3050,javonte
3051,devontae
3052,deion
3053,demetri
3054,davante
3055,dyllan
3056,trae
3057,dondre
3058,tayler
3059,caden
3060,dakotah
3061,montel
3062,davonta
3063,dalvin
3064,tyshawn
3065,maximillian
3066,juwan
3067,tyquan
3068,kieran
3069,colter
3070,jaylen
3071,devyn
3072,savon
3073,deondre
3074,darrian
3075,dallin
3076,jordy
3077,mikal
3078,adonis
3079,kelton
3080,shaquan
3081,devaughn
3082,darrien
3083,austyn
3084,kaden
3085,darrion
3086,fredy
3087,montana
3088,kole
3089,syed
3090,demonte
3091,dakoda
3092,jaden
3093,keanu
3094,jaylon
3095,daulton
3096,shyheim
3097,markell
3098,menachem
3099,markel
3100,jayden
3101,khari
3102,trayvon
3103,gunner
3104,auston
3105,cain
3106,jaylin
3107,river
3108,alek
3109,destin
3110,tyrin
3111,ryder
3112,armani
3113,kahlil
3114,bryton
3115,jonatan
3116,tristen
3117,triston
3118,raekwon
3119,tristin
3120,anfernee
3121,draven
3122,romello
3123,stone
3124,tristian
3125,easton
3126,treyvon
3127,aiden
3128,rashaan
3129,rohan
3130,killian
3131,phoenix
3132,greyson
3133,latrell
3134,brennon
3135,seamus
3136,isai
3137,branson
3138,damarcus
3139,mateo
3140,keshawn
3141,keyshawn
3142,trystan
3143,braeden
3144,brayan
3145,shamar
3146,keion
3147,raquan
3148,jair
3149,braydon
3150,shemar
3151,reilly
3152,reagan
3153,jaylan
3154,nasir
3155,abdullah
3156,dominik
3157,keagan
3158,kordell
3159,kobe
3160,gianni
3161,jaret
3162,koby
3163,nash
3164,rylan
3165,jaxon
3166,giovanny
3167,ronaldo
3168,coleton
3169,amari
3170,jarett
3171,keyon
3172,paxton
3173,landen
3174,raven
3175,jamari
3176,jovani
3177,jovanny
3178,keandre
3179,kenan
3180,jajuan
3181,ryley
3182,nikhil
3183,tyrese
3184,tyrek
3185,zion
3186,declan
3187,savion
3188,kamron
3189,jadon
3190,tyrique
3191,tahj
3192,tyriq
3193,tyreek
3194,izaiah
3195,tavian
3196,jacquez
3197,alessandro
3198,kyree
3199,tyrik
3200,jordi
3201,jalon
3202,mekhi
3203,jelani
3204,matteo
3205,johan
3206,hamza
3207,brycen
3208,jovany
3209,miguelangel
3210,jensen
3211,rahul
3212,christion
3213,judah
3214,konnor
3215,kylan
3216,jaiden
3217,tyreke
3218,cayden
3219,jett
3220,zaire
3221,jaydon
3222,korbin
3223,tyreese
3224,braedon
3225,jaxson
3226,xander
3227,camren
3228,semaj
3229,ean
3230,gaven
3231,karson
3232,trevion
3233,ayden
3234,rey
3235,tavion
3236,braiden
3237,kadin
3238,arman
3239,aditya
3240,rowan
3241,bridger
3242,kayden
3243,elian
3244,luca
3245,finn
3246,kaiden
3247,sincere
3248,maximus
3249,xzavier
3250,blaze
3251,gaige
3252,london
3253,keshaun
3254,sabastian
3255,kavon
3256,kian
3257,brodie
3258,jaeden
3259,javion
3260,jamir
3261,maxim
3262,alexzander
3263,kamren
3264,zander
3265,dayne
3266,isaak
3267,jaheim
3268,jagger
3269,oswaldo
3270,ronan
3271,haden
3272,jadyn
3273,immanuel
3274,alijah
3275,jakobe
3276,imanol
3277,jordyn
3278,zain
3279,yusuf
3280,gavyn
3281,pranav
3282,yehuda
3283,daunte
3284,caiden
3285,arjun
3286,jahiem
3287,zavier
3288,mustafa
3289,rylee
3290,giovani
3291,jovanni
3292,omarion
3293,yahir
3294,amarion
3295,gael
3296,cael
3297,treyton
3298,aryan
3299,jaheem
3300,malakai
3301,javen
3302,lisandro
3303,santino
3304,adriel
3305,ethen
3306,luc
3307,maximo
3308,cason
3309,gannon
3310,jaquez
3311,bradyn
3312,jase
3313,zayne
3314,osbaldo
3315,maddox
3316,jamarion
3317,yair
3318,aydan
3319,konner
3320,damarion
3321,jahir
3322,enzo
3323,cannon
3324,kamari
3325,kaeden
3326,ryker
3327,soren
3328,mordechai
3329,cristofer
3330,ryland
3331,zaid
3332,arnav
3333,canyon
3334,kanye
3335,kyan
3336,cohen
3337,braylon
3338,davian
3339,jaidyn
3340,demarion
3341,landyn
3342,luka
3343,braulio
3344,andon
3345,aydin
3346,matias
3347,jaydin
3348,deacon
3349,teagan
3350,kamden
3351,malaki
3352,koda
3353,rhys
3354,haiden
3355,tayshaun
3356,jayvon
3357,trenten
3358,rishi
3359,kason
3360,talan
3361,amare
3362,makai
3363,braylen
3364,kadyn
3365,leandro
3366,aedan
3367,finnegan
3368,karter
3369,damari
3370,messiah
3371,makhi
3372,camryn
3373,gauge
3374,jax
3375,adin
3376,krish
3377,yandel
3378,beckett
3379,kael
3380,bode
3381,koen
3382,zayden
3383,santana
3384,landin
3385,talen
3386,kasen
3387,aidyn
3388,jasiah
3389,memphis
3390,kingston
3391,landan
3392,case
3393,coen
3394,izayah
3395,anders
3396,brogan
3397,madden
3398,slade
3399,kellan
3400,jaydan
3401,nery
3402,rayan
3403,dereon
3404,yael
3405,raiden
3406,nikolai
3407,yurem
3408,lyric
3409,kelan
3410,tegan
3411,kamryn
3412,jayvion
3413,ronin
3414,daxton
3415,aaden
3416,chace
3417,marley
3418,kash
3419,kymani
3420,ishaan
3421,jadiel
3422,urijah
3423,eden
3424,zaiden
3425,ayaan
3426,aarav
3427,tripp
3428,geovanni
3429,yadiel
3430,kyson
3431,callum
3432,deegan
3433,lennon
3434,abdiel
3435,carsen
3436,kolten
3437,stella
3438,sallie
3439,nettie
3440,etta
3441,harriet
3442,sadie
3443,katie
3444,lydia
3445,kate
3446,mollie
3447,lulu
3448,nannie
3449,lottie
3450,belle
3451,charlotte
3452,amelia
3453,hannah
3454,jane
3455,emily
3456,matilda
3457,henrietta
3458,sara
3459,estella
3460,theresa
3461,josie
3462,sophia
3463,anne
3464,delia
3465,louisa
3466,mayme
3467,estelle
3468,nina
3469,bettie
3470,luella
3471,inez
3472,lela
3473,rosie
3474,millie
3475,janie
3476,cornelia
3477,victoria
3478,celia
3479,christine
3480,birdie
3481,harriett
3482,mable
3483,myra
3484,sophie
3485,tillie
3486,isabel
3487,sylvia
3488,isabelle
3489,leila
3490,sally
3491,ina
3492,nell
3493,alberta
3494,katharine
3495,rena
3496,mina
3497,mathilda
3498,dollie
3499,hettie
3500,fanny
3501,lenora
3502,adelaide
3503,lelia
3504,nelle
3505,sue
3506,johanna
3507,lilly
3508,lucinda
3509,minerva
3510,lettie
3511,roxie
3512,helena
3513,hilda
3514,hulda
3515,genevieve
3516,cordelia
3517,jeanette
3518,adeline
3519,leah
3520,lura
3521,mittie
3522,isabella
3523,olga
3524,phoebe
3525,teresa
3526,lida
3527,lina
3528,marguerite
3529,claudia
3530,cecelia
3531,bess
3532,emilie
3533,rosetta
3534,myrtie
3535,cecilia
3536,olivia
3537,ophelia
3538,elnora
3539,violet
3540,adele
3541,lily
3542,loretta
3543,madge
3544,polly
3545,eugenia
3546,lucile
3547,mabelle
3548,rosalie
3549,kittie
3550,meta
3551,angie
3552,georgiana
3553,lila
3554,regina
3555,selma
3556,wilhelmina
3557,bridget
3558,lilla
3559,malinda
3560,vina
3561,freda
3562,gertie
3563,jeannette
3564,louella
3565,mandy
3566,roberta
3567,corinne
3568,lyda
3569,naomi
3570,norma
3571,margie
3572,nona
3573,zella
3574,dovie
3575,elvira
3576,erma
3577,irma
3578,leota
3579,blanch
3580,charity
3581,lorena
3582,lucretia
3583,orpha
3584,alvina
3585,annette
3586,catharine
3587,elma
3588,geneva
3589,leora
3590,lona
3591,miriam
3592,zora
3593,octavia
3594,sudie
3595,zula
3596,adella
3597,frieda
3598,joanna
3599,leonora
3600,priscilla
3601,tennie
3602,angeline
3603,docia
3604,ettie
3605,flossie
3606,hanna
3607,letha
3608,minta
3609,retta
3610,rosella
3611,adah
3612,berta
3613,elisabeth
3614,elise
3615,leola
3616,margret
3617,adaline
3618,idella
3619,juanita
3620,lenna
3621,lucie
3622,missouri
3623,nola
3624,zoe
3625,eda
3626,isabell
3627,julie
3628,letitia
3629,madeline
3630,malissa
3631,mariah
3632,pattie
3633,almeda
3634,aurelia
3635,dolly
3636,jannie
3637,kathrine
3638,lavinia
3639,marietta
3640,melvina
3641,ona
3642,pinkie
3643,susanna
3644,chloe
3645,elsa
3646,matie
3647,pearle
3648,vesta
3649,vinnie
3650,antoinette
3651,clementine
3652,edythe
3653,harriette
3654,libbie
3655,lilian
3656,lutie
3657,magdalena
3658,meda
3659,rita
3660,tena
3661,zelma
3662,adelia
3663,annetta
3664,dona
3665,elizebeth
3666,georgianna
3667,gracie
3668,iona
3669,leta
3670,liza
3671,mertie
3672,molly
3673,neva
3674,oma
3675,alida
3676,cecile
3677,ernestine
3678,evie
3679,helene
3680,minna
3681,myrta
3682,prudence
3683,queen
3684,rilla
3685,savannah
3686,tessie
3687,agatha
3688,america
3689,anita
3690,arminta
3691,dorothea
3692,luvenia
3693,marjorie
3694,maybelle
3695,mellie
3696,nan
3697,velma
3698,constance
3699,ila
3700,iola
3701,louvenia
3702,lucia
3703,ludie
3704,luna
3705,metta
3706,phebe
3707,sophronia
3708,adda
3709,avis
3710,betsy
3711,cordie
3712,emmaline
3713,ethelyn
3714,hortense
3715,marcella
3716,melinda
3717,mona
3718,odessa
3719,veronica
3720,aimee
3721,annabel
3722,ava
3723,bella
3724,carolina
3725,cathrine
3726,christena
3727,dena
3728,eleanore
3729,elmira
3730,jenny
3731,kizzie
3732,loula
3733,magdalene
3734,mettie
3735,mintie
3736,peggy
3737,reba
3738,serena
3739,vida
3740,zada
3741,abigail
3742,celestine
3743,celina
3744,daisie
3745,dessa
3746,easter
3747,emelia
3748,emmie
3749,imogene
3750,india
3751,jeanne
3752,lenore
3753,liddie
3754,lotta
3755,mame
3756,nevada
3757,rachael
3758,sina
3759,willa
3760,aline
3761,daisey
3762,dorcas
3763,edmonia
3764,effa
3765,eldora
3766,eloise
3767,emmer
3768,era
3769,gena
3770,iris
3771,izora
3772,lissie
3773,mallie
3774,malvina
3775,mathilde
3776,mazie
3777,queenie
3778,rosina
3779,salome
3780,theodora
3781,therese
3782,vena
3783,wanda
3784,wilda
3785,altha
3786,anastasia
3787,besse
3788,birtie
3789,clarissa
3790,delilah
3791,diana
3792,emelie
3793,erna
3794,florida
3795,frona
3796,hilma
3797,juliet
3798,leonie
3799,lugenia
3800,mammie
3801,manda
3802,manerva
3803,manie
3804,nella
3805,paulina
3806,philomena
3807,selina
3808,sena
3809,theodosia
3810,una
3811,adela
3812,althea
3813,amalia
3814,amber
3815,angelina
3816,annabelle
3817,anner
3818,arie
3819,clarice
3820,corda
3821,corrie
3822,dellar
3823,donie
3824,elda
3825,elinor
3826,emeline
3827,emilia
3828,etha
3829,indiana
3830,ione
3831,josiephine
3832,kitty
3833,lavina
3834,leda
3835,letta
3836,mahala
3837,marcia
3838,margarette
3839,maudie
3840,maye
3841,norah
3842,patty
3843,paula
3844,permelia
3845,rosalia
3846,roxanna
3847,sula
3848,vada
3849,winnifred
3850,adline
3851,almira
3852,alvena
3853,arizona
3854,becky
3855,bernadette
3856,cordia
3857,corine
3858,dicie
3859,dove
3860,drusilla
3861,elena
3862,elenora
3863,elmina
3864,ethyl
3865,evalyn
3866,evelina
3867,faye
3868,huldah
3869,idell
3870,inga
3871,irena
3872,kattie
3873,lavenia
3874,lovina
3875,lulie
3876,magnolia
3877,margeret
3878,margery
3879,media
3880,millicent
3881,nena
3882,orilla
3883,pansy
3884,rosia
3885,rowena
3886,tabitha
3887,verdie
3888,zetta
3889,zoa
3890,zona
3891,albertina
3892,albina
3893,alyce
3894,amie
3895,annis
3896,carra
3897,clarinda
3898,delphia
3899,dillie
3900,doshie
3901,drucilla
3902,etna
3903,eugenie
3904,eulalia
3905,eve
3906,felicia
3907,florance
3908,fronie
3909,geraldine
3910,gina
3911,glenna
3912,grayce
3913,hedwig
3914,jossie
3915,katheryn
3916,katy
3917,leanna
3918,leitha
3919,leone
3920,lidie
3921,loma
3922,lular
3923,magdalen
3924,maymie
3925,minervia
3926,muriel
3927,neppie
3928,onie
3929,osa
3930,otelia
3931,paralee
3932,patience
3933,rella
3934,rillie
3935,rosanna
3936,tilda
3937,tishie
3938,tressa
3939,viva
3940,yetta
3941,zena
3942,zola
3943,abby
3944,aileen
3945,alda
3946,alla
3947,alverta
3948,ara
3949,ardelia
3950,ardella
3951,arrie
3952,arvilla
3953,aurora
3954,bama
3955,bena
3956,calla
3957,camilla
3958,carlotta
3959,celestia
3960,cherry
3961,cinda
3962,classie
3963,claudine
3964,clemie
3965,clyda
3966,creola
3967,debbie
3968,dinah
3969,doshia
3970,ednah
3971,edyth
3972,eleanora
3973,electa
3974,eola
3975,eudora
3976,euphemia
3977,evalena
3978,evaline
3979,faith
3980,fidelia
3981,golda
3982,helma
3983,hermine
3984,hessie
3985,ivah
3986,janette
3987,jennette
3988,joella
3989,kathryne
3990,lanie
3991,lauretta
3992,leana
3993,leatha
3994,liller
3995,lillis
3996,louetta
3997,madie
3998,mai
3999,martina
4000,maryann
4001,melva
4002,mena
4003,mercedes
4004,mima
4005,minda
4006,monica
4007,nealie
4008,netta
4009,nolia
4010,nonie
4011,odelia
4012,ottilie
4013,phyllis
4014,sabina
4015,sada
4016,suzanne
4017,sybilla
4018,thea
4019,tressie
4020,vallie
4021,venie
4022,viney
4023,wilhelmine
4024,winona
4025,zelda
4026,zilpha
4027,adelle
4028,adina
4029,adrienne
4030,albertine
4031,alys
4032,ana
4033,araminta
4034,birtha
4035,bulah
4036,caddie
4037,celie
4038,charlotta
4039,concepcion
4040,cordella
4041,corrine
4042,delila
4043,delphine
4044,dosha
4045,elaine
4046,elisa
4047,ellar
4048,elmire
4049,elvina
4050,ena
4051,estie
4052,etter
4053,fronnie
4054,georgina
4055,gracia
4056,gwendolyn
4057,hassie
4058,honora
4059,icy
4060,isa
4061,isadora
4062,johannah
4063,juana
4064,junie
4065,lavonia
4066,lella
4067,lemma
4068,letty
4069,linna
4070,littie
4071,lollie
4072,lorene
4073,lovisa
4074,lucina
4075,madora
4076,mahalia
4077,manervia
4078,manuela
4079,margarett
4080,margaretta
4081,margarita
4082,marilla
4083,mignon
4084,mozella
4085,natalie
4086,nelia
4087,nolie
4088,omie
4089,ottilia
4090,parthenia
4091,penelope
4092,pinkey
4093,pollie
4094,rennie
4095,reta
4096,roena
4097,rosalee
4098,roseanna
4099,ruthie
4100,sabra
4101,sannie
4102,selena
4103,sibyl
4104,tella
4105,tempie
4106,tennessee
4107,teressa
4108,texas
4109,theda
4110,thursa
4111,ula
4112,vannie
4113,verona
4114,vertie
4115,wilma
4116,adell
4117,aggie
4118,alcie
4119,alfreda
4120,alicia
4121,allene
4122,almyra
4123,anastacia
4124,aria
4125,arminda
4126,aura
4127,avie
4128,berdie
4129,buena
4130,calista
4131,cammie
4132,cara
4133,celesta
4134,celeste
4135,chaney
4136,chanie
4137,charlottie
4138,chrissie
4139,christene
4140,christiana
4141,cleora
4142,clora
4143,coralie
4144,dayse
4145,delfina
4146,deliah
4147,delina
4148,delle
4149,dicy
4150,donia
4151,dulcie
4152,edwina
4153,ela
4154,eleonora
4155,elta
4156,elzada
4157,emaline
4158,eulah
4159,eulalie
4160,euna
4161,zadie
4162,eveline
4163,lelah
4164,nanie
4165,petra
4166,glennie
4167,juliette
4168,mercy
4169,miranda
4170,nana
4171,zilpah
4172,almedia
4173,byrdie
4174,claribel
4175,coral
4176,exie
4177,malissie
4178,myrtice
4179,narcissus
4180,rosamond
4181,theresia
4182,valeria
4183,vessie
4184,victorine
4185,arabella
4186,dottie
4187,flo
4188,fredericka
4189,gusta
4190,icie
4191,lillia
4192,lota
4193,nathalie
4194,nita
4195,ota
4196,ramona
4197,texie
4198,zillah
4199,aida
4200,arra
4201,belva
4202,biddie
4203,bula
4204,carry
4205,crete
4206,dossie
4207,evangeline
4208,flavia
4209,fleta
4210,fronia
4211,gillie
4212,jinnie
4213,katharina
4214,mirtie
4215,mora
4216,ninnie
4217,rettie
4218,rozella
4219,sofia
4220,sybil
4221,sylvania
4222,tilla
4223,ursula
4224,veda
4225,zaida
4226,zenobia
4227,aletha
4228,ason
4229,bina
4230,chloie
4231,christie
4232,corean
4233,corinna
4234,elodie
4235,epsie
4236,exa
4237,georgine
4238,gretta
4239,henriette
4240,jemima
4241,jo
4242,josefa
4243,juliana
4244,katharyn
4245,lavada
4246,leonore
4247,levina
4248,libby
4249,lilie
4250,louanna
4251,mabell
4252,madeleine
4253,marinda
4254,mila
4255,neta
4256,orlena
4257,ozella
4258,ressie
4259,rosena
4260,rosey
4261,senora
4262,siddie
4263,susana
4264,susanne
4265,texanna
4266,tiney
4267,tinie
4268,tiny
4269,achsah
4270,agness
4271,ala
4272,alabama
4273,alexina
4274,altie
4275,ama
4276,amalie
4277,amelie
4278,amey
4279,amma
4280,ammie
4281,anie
4282,annabell
4283,arta
4284,attie
4285,audra
4286,azzie
4287,cathryn
4288,cena
4289,chestina
4290,crissie
4291,cyntha
4292,daisye
4293,dellia
4294,delta
4295,dema
4296,dezzie
4297,dola
4298,dollye
4299,eithel
4300,elba
4301,elfrieda
4302,elna
4303,emogene
4304,enola
4305,verda
4306,gretchen
4307,hermina
4308,nelly
4309,eller
4310,hetty
4311,luetta
4312,pennie
4313,rosemary
4314,beckie
4315,buna
4316,caldonia
4317,candace
4318,edla
4319,florrie
4320,luisa
4321,myrtis
4322,trudie
4323,agusta
4324,alphonsine
4325,dellie
4326,delpha
4327,kathyrn
4328,loretto
4329,lucindy
4330,maybell
4331,odile
4332,orah
4333,prudie
4334,rhea
4335,rinda
4336,rosy
4337,roxy
4338,sarrah
4339,susannah
4340,tula
4341,alwina
4342,arah
4343,bernadine
4344,capitola
4345,cathern
4346,columbia
4347,eileen
4348,elizbeth
4349,eura
4350,hennie
4351,henretta
4352,ivie
4353,jeanie
4354,justina
4355,leaner
4356,leonia
4357,lorraine
4358,lucetta
4359,macie
4360,mahalie
4361,marry
4362,novella
4363,olevia
4364,phillis
4365,philomene
4366,salina
4367,sinda
4368,tinnie
4369,vashti
4370,vella
4371,veva
4372,vicy
4373,zita
4374,affie
4375,albertha
4376,anabel
4377,artelia
4378,barbra
4379,beaulah
4380,bertina
4381,birdella
4382,blossom
4383,carmela
4384,carolyne
4385,cilla
4386,denise
4387,dorthea
4388,eleonore
4389,fairy
4390,fannye
4391,franc
4392,francina
4393,francisca
4394,genevra
4395,helga
4396,iza
4397,jeanetta
4398,jeannie
4399,jerusha
4400,lisette
4401,loda
4402,luda
4403,lynda
4404,marget
4405,mariam
4406,modena
4407,nanna
4408,nelie
4409,olena
4410,lelar
4411,matilde
4412,simona
4413,thora
4414,angelita
4415,berenice
4416,dagmar
4417,dina
4418,ema
4419,florine
4420,loraine
4421,maida
4422,missie
4423,arline
4424,beatrix
4425,dorathea
4426,elenor
4427,gertha
4428,lesta
4429,rebekah
4430,almina
4431,arlena
4432,dot
4433,elfie
4434,ermine
4435,francisqui
4436,georgeanna
4437,glendora
4438,leontine
4439,leva
4440,litha
4441,luberta
4442,marianna
4443,parlee
4444,pearla
4445,sister
4446,thresa
4447,alene
4448,alverda
4449,antonette
4450,argie
4451,arkie
4452,arletta
4453,bea
4454,bettye
4455,cappie
4456,caro
4457,cloe
4458,corene
4459,deetta
4460,elberta
4461,ether
4462,felicie
4463,frederica
4464,hellen
4465,icey
4466,ines
4467,junia
4468,laney
4469,lassie
4470,lockie
4471,lossie
4472,lovey
4473,marianita
4474,mattye
4475,rubie
4476,milly
4477,pluma
4478,ruie
4479,vira
4480,cleva
4481,gennie
4482,sadye
4483,vennie
4484,zettie
4485,clevie
4486,ferne
4487,maebelle
4488,maxine
4489,pearly
4490,savanah
4491,savilla
4492,valerie
4493,violetta
4494,adelina
4495,alzina
4496,annice
4497,beda
4498,clarabelle
4499,fleda
4500,goldia
4501,laila
4502,leala
4503,lilah
4504,lyla
4505,naoma
4506,nealy
4507,olivine
4508,rutha
4509,sussie
4510,theodocia
4511,vassie
4512,zina
4513,aurore
4514,beth
4515,channie
4516,freida
4517,georganna
4518,izetta
4519,kathern
4520,lady
4521,lala
4522,lilia
4523,lurana
4524,mozelle
4525,norine
4526,oney
4527,clotilde
4528,nova
4529,myrna
4530,medora
4531,hildur
4532,imo
4533,ragna
4534,vinie
4535,emmy
4536,hildegarde
4537,octa
4538,aurilla
4539,beula
4540,lera
4541,macy
4542,margrett
4543,melina
4544,pheobe
4545,alvira
4546,clella
4547,cornie
4548,dorotha
4549,dorthy
4550,dosia
4551,enid
4552,essa
4553,evelena
4554,genoveva
4555,greta
4556,ica
4557,ilma
4558,lalla
4559,lana
4560,leonor
4561,lolla
4562,lorna
4563,vergie
4564,mossie
4565,manuelita
4566,oline
4567,ima
4568,janey
4569,villa
4570,clytie
4571,ermina
4572,hertha
4573,margaretha
4574,melanie
4575,metha
4576,pricilla
4577,sigrid
4578,thekla
4579,berniece
4580,betha
4581,florie
4582,hilah
4583,isla
4584,judie
4585,lethia
4586,louisiana
4587,rubye
4588,silvia
4589,zelpha
4590,alwilda
4591,angele
4592,verlie
4593,zelia
4594,gunda
4595,octavie
4596,orelia
4597,retha
4598,signe
4599,anice
4600,carlota
4601,lurline
4602,luz
4603,opha
4604,ura
4605,vicie
4606,alwine
4607,carmelita
4608,clemma
4609,elia
4610,eloisa
4611,eppie
4612,gustie
4613,hazle
4614,lu
4615,ebba
4616,margarete
4617,myrle
4618,nadine
4619,pallie
4620,betsey
4621,cleta
4622,filomena
4623,orra
4624,arlene
4625,margretta
4626,pairlee
4627,zana
4628,francies
4629,marjory
4630,roxana
4631,cressie
4632,erla
4633,herma
4634,oliva
4635,rosalind
4636,chessie
4637,daphne
4638,lulah
4639,marvel
4640,monnie
4641,noemie
4642,gregoria
4643,josefina
4644,fleeta
4645,madaline
4646,hildred
4647,sibbie
4648,verena
4649,bernardine
4650,gerda
4651,hazelle
4652,nobie
4653,reva
4654,vonnie
4655,ethie
4656,jessye
4657,jetta
4658,signa
4659,delcie
4660,hildegard
4661,treva
4662,violette
4663,sylva
4664,twila
4665,concetta
4666,idabelle
4667,lulla
4668,mira
4669,nila
4670,olar
4671,velva
4672,yvonne
4673,evia
4674,willia
4675,dortha
4676,else
4677,freeda
4678,versa
4679,ilah
4680,maurine
4681,vernice
4682,elmyra
4683,madelyn
4684,cannie
4685,carmella
4686,cliffie
4687,ever
4688,leafy
4689,olinda
4690,virdie
4691,allena
4692,clotilda
4693,elida
4694,elvera
4695,fae
4696,josefita
4697,lurena
4698,versie
4699,vivien
4700,melba
4701,alline
4702,elfreda
4703,verla
4704,ouida
4705,flonnie
4706,palma
4707,consuelo
4708,lorine
4709,venus
4710,hasel
4711,noma
4712,virgia
4713,alleen
4714,mavis
4715,nelda
4716,trilby
4717,adel
4718,buelah
4719,milda
4720,velda
4721,bernetta
4722,neoma
4723,gaynell
4724,laurette
4725,coletta
4726,zela
4727,zeta
4728,manila
4729,manilla
4730,cuba
4731,earline
4732,vlasta
4733,jacqueline
4734,onnie
4735,vara
4736,alena
4737,ilo
4738,imelda
4739,ardis
4740,delores
4741,irva
4742,gwen
4743,tomasa
4744,veta
4745,berneice
4746,lempi
4747,eathel
4748,marybelle
4749,chrystal
4750,elvia
4751,ilene
4752,margarite
4753,marianne
4754,odette
4755,antonina
4756,delsie
4757,portia
4758,reatha
4759,aleen
4760,almeta
4761,lilyan
4762,jaunita
4763,luvinia
4764,alvera
4765,allean
4766,dagny
4767,leoma
4768,oleta
4769,trula
4770,ethyle
4771,ingeborg
4772,jeane
4773,laurine
4774,lorean
4775,marge
4776,margueritta
4777,mozell
4778,norene
4779,oneta
4780,lolita
4781,elouise
4782,cathleen
4783,bette
4784,earnestine
4785,florene
4786,laverna
4787,rafaela
4788,thyra
4789,loyce
4790,cleda
4791,pearline
4792,ceola
4793,lavera
4794,marcelle
4795,romaine
4796,rosalyn
4797,augustina
4798,bonita
4799,dominga
4800,girtha
4801,isobel
4802,anona
4803,syble
4804,edris
4805,santa
4806,theola
4807,veola
4808,ceil
4809,madlyn
4810,vernia
4811,ellamae
4812,irine
4813,linnea
4814,madalyn
4815,roslyn
4816,edrie
4817,vincenza
4818,yolanda
4819,edra
4820,orma
4821,ilda
4822,ardath
4823,renee
4824,astrid
4825,beadie
4826,doretha
4827,neola
4828,vela
4829,wava
4830,evelyne
4831,dimple
4832,annamae
4833,elease
4834,williemae
4835,rosaline
4836,charline
4837,charlene
4838,joanne
4839,theta
4840,deloris
4841,maureen
4842,rosabelle
4843,gilda
4844,herminia
4845,afton
4846,margurite
4847,clydie
4848,izola
4849,rosemarie
4850,arnetta
4851,gladyce
4852,floretta
4853,merna
4854,nedra
4855,clementina
4856,launa
4857,sonia
4858,aili
4859,gladis
4860,alease
4861,madonna
4862,azalee
4863,colleen
4864,darlene
4865,macel
4866,cleola
4867,loree
4868,stephania
4869,joann
4870,antonetta
4871,arietta
4872,vivienne
4873,elinore
4874,benita
4875,glenda
4876,earlene
4877,arleen
4878,blanchie
4879,vilma
4880,erline
4881,felice
4882,georgette
4883,yvette
4884,assunta
4885,helyn
4886,lavonne
4887,audry
4888,dorathy
4889,stasia
4890,vita
4891,jayne
4892,maebell
4893,mafalda
4894,olympia
4895,masako
4896,stacia
4897,domenica
4898,ingrid
4899,wynona
4900,bernita
4901,carole
4902,elenore
4903,waneta
4904,esperanza
4905,madelene
4906,roselyn
4907,kathlyn
4908,ardith
4909,venita
4910,santina
4911,maryjane
4912,orene
4913,noreen
4914,antionette
4915,margot
4916,dawn
4917,lahoma
4918,alexandra
4919,maryellen
4920,ruthe
4921,cleone
4922,kathaleen
4923,aldona
4924,janis
4925,christeen
4926,dorine
4927,caryl
4928,francine
4929,rosaria
4930,erlene
4931,georgetta
4932,olene
4933,sheila
4934,georgene
4935,yoshiko
4936,delora
4937,lavelle
4938,idamae
4939,michelina
4940,catalina
4941,liberty
4942,victory
4943,beverley
4944,laurene
4945,marilynn
4946,jeraldine
4947,marylou
4948,jacquelyn
4949,oneida
4950,concha
4951,marina
4952,doreen
4953,haruko
4954,felipa
4955,socorro
4956,elois
4957,toshiko
4958,carlene
4959,fumiko
4960,soledad
4961,gearldine
4962,shirlee
4963,merry
4964,clarine
4965,lorayne
4966,marlene
4967,kiyoko
4968,elwanda
4969,elayne
4970,darline
4971,arlyne
4972,marlys
4973,mardell
4974,willene
4975,inell
4976,venice
4977,ofelia
4978,peggie
4979,beatriz
4980,rochelle
4981,leatrice
4982,billye
4983,darleen
4984,hortencia
4985,ethelene
4986,marylouise
4987,eris
4988,bettyjane
4989,penny
4990,dorene
4991,toni
4992,lynette
4993,vonda
4994,amparo
4995,bebe
4996,phylis
4997,bettylou
4998,wanita
4999,marceline
5000,vernelle
5001,ernestina
5002,doloris
5003,delois
5004,nanette
5005,ardelle
5006,natalia
5007,estela
5008,sherry
5009,twyla
5010,jacquelin
5011,enriqueta
5012,bobbye
5013,patti
5014,lorrayne
5015,janell
5016,ladonna
5017,nada
5018,carla
5019,evangelina
5020,willodean
5021,charleen
5022,coleen
5023,illa
5024,shirlie
5025,ailene
5026,erlinda
5027,lita
5028,marilou
5029,lawanda
5030,charmaine
5031,cherie
5032,sonya
5033,raquel
5034,hortensia
5035,valencia
5036,jocelyn
5037,kazuko
5038,joye
5039,lidia
5040,roseann
5041,earlean
5042,jeannine
5043,romona
5044,jeanine
5045,joline
5046,felicitas
5047,carma
5048,marva
5049,colette
5050,sondra
5051,marilee
5052,jolene
5053,jovita
5054,dorla
5055,dianne
5056,margy
5057,velia
5058,margene
5059,beverlee
5060,maryanne
5061,joycelyn
5062,merlene
5063,oralia
5064,sydell
5065,jill
5066,ardeth
5067,armida
5068,marylin
5069,sonja
5070,laquita
5071,julianne
5072,nannette
5073,margo
5074,claudette
5075,arla
5076,charlsie
5077,marylyn
5078,mitzi
5079,patrica
5080,eartha
5081,herlinda
5082,trudy
5083,verdell
5084,joretta
5085,marsha
5086,verlene
5087,lynne
5088,mariann
5089,joetta
5090,rosanne
5091,belia
5092,janelle
5093,merilyn
5094,ardyce
5095,rosita
5096,celine
5097,carleen
5098,carolee
5099,dian
5100,dorthey
5101,kathy
5102,marita
5103,thomasina
5104,marta
5105,thalia
5106,nira
5107,sharlene
5108,rheta
5109,jerrie
5110,ginger
5111,jacklyn
5112,elissa
5113,paulette
5114,monna
5115,joellen
5116,lavona
5117,bonny
5118,luanne
5119,saundra
5120,luann
5121,pearlene
5122,nancie
5123,shirlene
5124,marcelina
5125,vicki
5126,karol
5127,louann
5128,alison
5129,marylee
5130,sharron
5131,cathy
5132,darla
5133,norita
5134,gaye
5135,jeri
5136,loris
5137,shirleyann
5138,carolynn
5139,marla
5140,evonne
5141,darlyne
5142,vernetta
5143,rhonda
5144,shelba
5145,shelva
5146,deanna
5147,karla
5148,tanya
5149,annmarie
5150,wendy
5151,ruthann
5152,sherrie
5153,carolann
5154,evon
5155,sheryl
5156,jacquline
5157,karlene
5158,glennis
5159,karin
5160,marleen
5161,roxanne
5162,harlene
5163,annamarie
5164,jacque
5165,maralyn
5166,shari
5167,larae
5168,gayla
5169,deanne
5170,dianna
5171,simone
5172,leilani
5173,vickie
5174,diann
5175,karolyn
5176,deann
5177,noretta
5178,shelvia
5179,shelvie
5180,shelia
5181,janyce
5182,jonell
5183,marolyn
5184,mimi
5185,noreta
5186,roseanne
5187,lorelei
5188,vicky
5189,helaine
5190,maryjo
5191,deana
5192,janine
5193,ronda
5194,leanne
5195,cindy
5196,judi
5197,karel
5198,karon
5199,glynda
5200,tamara
5201,suzann
5202,fran
5203,nanci
5204,april
5205,hedy
5206,mari
5207,jannette
5208,jerri
5209,heidi
5210,dotty
5211,suellen
5212,lonna
5213,kathie
5214,ilona
5215,laraine
5216,susann
5217,rona
5218,sharen
5219,lynnette
5220,scarlett
5221,belinda
5222,pam
5223,ruthanne
5224,juliann
5225,sherron
5226,donita
5227,georgiann
5228,jerilyn
5229,sharyn
5230,sherri
5231,suzan
5232,nyla
5233,trina
5234,judyth
5235,nikki
5236,sheri
5237,jana
5238,adrianne
5239,georgeann
5240,terri
5241,caren
5242,kristine
5243,geri
5244,jerilynn
5245,karan
5246,rosann
5247,cheri
5248,leann
5249,phyliss
5250,merrily
5251,melody
5252,kaaren
5253,cassandra
5254,aloma
5255,cathie
5256,sandi
5257,ronna
5258,karren
5259,jerrilyn
5260,sheron
5261,pauletta
5262,merrilee
5263,terrie
5264,tonya
5265,sunny
5266,karyn
5267,ginny
5268,charla
5269,tana
5270,charolette
5271,marcy
5272,cheryle
5273,kathi
5274,karyl
5275,candy
5276,sherryl
5277,luana
5278,rozanne
5279,carlyn
5280,jacquelynn
5281,caron
5282,suzette
5283,dorinda
5284,teri
5285,alana
5286,danna
5287,maribeth
5288,pamala
5289,rosalinda
5290,elyse
5291,pamella
5292,bobbi
5293,corliss
5294,cheryll
5295,graciela
5296,sherilyn
5297,deirdre
5298,gerri
5299,glinda
5300,mickie
5301,marybeth
5302,cherrie
5303,laureen
5304,patrice
5305,aleta
5306,candice
5307,kristina
5308,vickey
5309,nicki
5310,deena
5311,janeen
5312,meryl
5313,bettina
5314,robyn
5315,sharyl
5316,erica
5317,lani
5318,leslee
5319,deidre
5320,katrina
5321,kristi
5322,cherryl
5323,dayle
5324,randi
5325,lori
5326,jacalyn
5327,starr
5328,kendra
5329,suzanna
5330,debby
5331,valarie
5332,melodie
5333,annemarie
5334,michaele
5335,janna
5336,trudi
5337,sandie
5338,daria
5339,vikki
5340,rachelle
5341,tonia
5342,marcie
5343,candis
5344,shiela
5345,regenia
5346,debora
5347,maura
5348,caryn
5349,kristie
5350,lizabeth
5351,regena
5352,denice
5353,drema
5354,shirleen
5355,cathey
5356,cristina
5357,lyndia
5358,blanca
5359,fonda
5360,renae
5361,kathlene
5362,loreen
5363,shauna
5364,sharman
5365,valorie
5366,sanjuanita
5367,bethany
5368,christa
5369,sanjuana
5370,candyce
5371,lorrie
5372,tara
5373,pamelia
5374,kristy
5375,collette
5376,roxann
5377,debrah
5378,mindy
5379,krista
5380,leticia
5381,terese
5382,mara
5383,nicolette
5384,vanessa
5385,merrie
5386,debbra
5387,jenifer
5388,lourdes
5389,geralyn
5390,jaclyn
5391,sharleen
5392,lorie
5393,allyson
5394,angelia
5395,jann
5396,joleen
5397,christi
5398,esmeralda
5399,teena
5400,gwenda
5401,rhona
5402,brinda
5403,pandora
5404,jodi
5405,kimberley
5406,megan
5407,lauri
5408,paige
5409,deborrah
5410,joette
5411,lise
5412,jacqulyn
5413,milagros
5414,marlena
5415,roxane
5416,ellyn
5417,debera
5418,joni
5419,cindi
5420,tricia
5421,brooke
5422,doretta
5423,lorri
5424,danette
5425,marci
5426,alisa
5427,kari
5428,lesa
5429,francesca
5430,lanette
5431,sharla
5432,kimberlee
5433,zandra
5434,sheree
5435,sabrina
5436,valinda
5437,sherie
5438,joanie
5439,starla
5440,merri
5441,kerri
5442,leeann
5443,vernita
5444,cherri
5445,bambi
5446,renita
5447,janel
5448,desiree
5449,denese
5450,roni
5451,sheilah
5452,athena
5453,jeryl
5454,danita
5455,gisele
5456,sherree
5457,debi
5458,kandy
5459,felecia
5460,migdalia
5461,dayna
5462,debbi
5463,debroah
5464,jaye
5465,monique
5466,tami
5467,taryn
5468,lorinda
5469,moira
5470,melodee
5471,sheryll
5472,trena
5473,noemi
5474,leesa
5475,marisa
5476,dawna
5477,tracie
5478,dani
5479,sheena
5480,dara
5481,kelli
5482,shawna
5483,barb
5484,kathey
5485,kellie
5486,wendi
5487,gaylene
5488,liz
5489,jeanna
5490,kara
5491,leisa
5492,chandra
5493,dori
5494,jami
5495,meg
5496,maritza
5497,stacie
5498,glynis
5499,juli
5500,babette
5501,tammie
5502,tamera
5503,tamra
5504,traci
5505,tammi
5506,deb
5507,tamela
5508,cyndi
5509,gabrielle
5510,cathi
5511,erika
5512,candi
5513,jacki
5514,nilda
5515,keri
5516,sarita
5517,tia
5518,bridgette
5519,tamie
5520,brigitte
5521,suzy
5522,kirsten
5523,tambra
5524,missy
5525,gigi
5526,perri
5527,karrie
5528,lissa
5529,lanita
5530,suzie
5531,bev
5532,alyson
5533,tresa
5534,kandi
5535,bridgett
5536,cari
5537,tori
5538,alesia
5539,ivette
5540,kerrie
5541,renea
5542,angelica
5543,liane
5544,shelli
5545,lesia
5546,penni
5547,tonja
5548,keely
5549,melisa
5550,tari
5551,deedee
5552,kayla
5553,lisha
5554,misty
5555,deidra
5556,leisha
5557,elana
5558,adriana
5559,loriann
5560,tania
5561,dedra
5562,evette
5563,latanya
5564,fawn
5565,risa
5566,krystal
5567,deeann
5568,johnna
5569,velvet
5570,corina
5571,jeana
5572,angelique
5573,marnita
5574,jonna
5575,machelle
5576,maribel
5577,barbie
5578,loria
5579,gwyn
5580,shanna
5581,monika
5582,trisha
5583,alecia
5584,janene
5585,latonya
5586,staci
5587,stefanie
5588,melonie
5589,marisol
5590,aretha
5591,marti
5592,darci
5593,adriene
5594,dawne
5595,charisse
5596,shirl
5597,lesli
5598,jena
5599,brigette
5600,tamala
5601,shana
5602,delisa
5603,maricela
5604,alyssa
5605,michell
5606,tonda
5607,richelle
5608,jeanmarie
5609,marissa
5610,melony
5611,deneen
5612,mia
5613,kecia
5614,djuna
5615,djuana
5616,noelle
5617,renata
5618,tessa
5619,anjanette
5620,denine
5621,daneen
5622,holli
5623,kimberli
5624,linette
5625,christal
5626,alisha
5627,elaina
5628,karri
5629,delinda
5630,tyra
5631,tawana
5632,marnie
5633,dionne
5634,kimberlie
5635,gabriela
5636,casandra
5637,marni
5638,tangela
5639,kimberely
5640,shanda
5641,demetria
5642,lavonda
5643,natasha
5644,mechelle
5645,shonda
5646,yolonda
5647,brigid
5648,julianna
5649,carin
5650,keli
5651,gia
5652,latricia
5653,lizette
5654,cristine
5655,bethann
5656,tabatha
5657,joelle
5658,lara
5659,sonji
5660,tamatha
5661,tasha
5662,tatia
5663,gidget
5664,latonia
5665,brandi
5666,nichole
5667,alissa
5668,demetra
5669,joell
5670,inger
5671,caprice
5672,denita
5673,mellissa
5674,lia
5675,catrina
5676,milissa
5677,sunday
5678,meghan
5679,andria
5680,nichelle
5681,cami
5682,anissa
5683,josette
5684,lissette
5685,adriane
5686,windy
5687,kami
5688,buffy
5689,karie
5690,keisha
5691,wende
5692,tawnya
5693,danelle
5694,misti
5695,tisha
5696,larissa
5697,darcie
5698,mayra
5699,sebrina
5700,ericka
5701,towanda
5702,michaela
5703,cristy
5704,cherise
5705,tanja
5706,carie
5707,carri
5708,tiffani
5709,coretta
5710,tamiko
5711,tamika
5712,chantel
5713,shannan
5714,kristal
5715,davina
5716,kirstin
5717,latrice
5718,jolie
5719,cristi
5720,cori
5721,araceli
5722,stephenie
5723,melissia
5724,chantal
5725,corrina
5726,gillian
5727,rolanda
5728,nicola
5729,kellee
5730,shani
5731,chanda
5732,cinnamon
5733,chelsea
5734,ami
5735,racquel
5736,nicolle
5737,autumn
5738,kisha
5739,latasha
5740,shonna
5741,christin
5742,latisha
5743,dione
5744,jada
5745,kyra
5746,mindi
5747,shona
5748,mellisa
5749,christen
5750,alexandria
5751,sharonda
5752,julissa
5753,karina
5754,kira
5755,tawanda
5756,marisela
5757,terra
5758,lashonda
5759,tera
5760,toya
5761,carissa
5762,stefani
5763,kesha
5764,tisa
5765,maya
5766,angella
5767,tiffanie
5768,trista
5769,raina
5770,crista
5771,kristan
5772,tawanna
5773,niki
5774,serina
5775,shawnda
5776,tosha
5777,christel
5778,tracee
5779,dyan
5780,tanisha
5781,chantelle
5782,stephany
5783,treena
5784,yesenia
5785,candida
5786,tarsha
5787,tameka
5788,ayanna
5789,jenni
5790,brandie
5791,shantel
5792,ebony
5793,shayla
5794,kia
5795,alysia
5796,summer
5797,jenna
5798,latoya
5799,cristal
5800,shanta
5801,shalonda
5802,angelic
5803,brenna
5804,alycia
5805,damaris
5806,consuela
5807,lashanda
5808,adria
5809,lasonya
5810,shara
5811,katina
5812,catina
5813,cher
5814,lakisha
5815,chastity
5816,nikole
5817,contina
5818,chiquita
5819,chasity
5820,nichol
5821,brandee
5822,camisha
5823,lakesha
5824,anika
5825,cherilyn
5826,alejandra
5827,lakeisha
5828,latosha
5829,keena
5830,sasha
5831,nikita
5832,cristin
5833,rocio
5834,tomika
5835,tomeka
5836,racheal
5837,griselda
5838,keesha
5839,liliana
5840,stephaine
5841,bree
5842,latrina
5843,felisha
5844,layla
5845,celena
5846,jenniffer
5847,rebeca
5848,sherita
5849,kori
5850,alethea
5851,carly
5852,aisha
5853,cicely
5854,anitra
5855,bianca
5856,vonetta
5857,latarsha
5858,nyree
5859,alexa
5860,fatima
5861,keshia
5862,daniela
5863,danyelle
5864,mendy
5865,charissa
5866,shantell
5867,marquita
5868,briana
5869,chanel
5870,danyell
5871,sunshine
5872,nia
5873,nikia
5874,jamila
5875,tanika
5876,brande
5877,meagan
5878,jasmin
5879,maranda
5880,lakeshia
5881,kyla
5882,syreeta
5883,luciana
5884,tobi
5885,alanna
5886,mistie
5887,tamica
5888,carisa
5889,cherish
5890,cecily
5891,haley
5892,mandi
5893,daniele
5894,tamisha
5895,tanesha
5896,danyel
5897,gabriella
5898,tiana
5899,mandie
5900,harmony
5901,shameka
5902,spring
5903,destiny
5904,nakisha
5905,tamekia
5906,ayana
5907,rashida
5908,yadira
5909,alesha
5910,kacey
5911,shawanda
5912,shamika
5913,takisha
5914,pepper
5915,kandice
5916,alina
5917,meggan
5918,farrah
5919,tennille
5920,nadia
5921,rhiannon
5922,jillian
5923,january
5924,khalilah
5925,janae
5926,jaimee
5927,farah
5928,chana
5929,sommer
5930,shayna
5931,shasta
5932,torrie
5933,ashlee
5934,carina
5935,chaka
5936,trish
5937,rayna
5938,brianna
5939,eboni
5940,kenisha
5941,caitlin
5942,latoria
5943,torie
5944,venessa
5945,shanika
5946,shandra
5947,kizzy
5948,qiana
5949,talia
5950,hayley
5951,shawnte
5952,shante
5953,salena
5954,liana
5955,quiana
5956,kamilah
5957,shalon
5958,latesha
5959,iesha
5960,brittney
5961,danica
5962,jenelle
5963,yasmin
5964,lashunda
5965,malia
5966,adrianna
5967,tarah
5968,tenisha
5969,shawnna
5970,chante
5971,karissa
5972,corie
5973,chrissy
5974,kylie
5975,aja
5976,meghann
5977,crissy
5978,meaghan
5979,shavon
5980,brianne
5981,krissy
5982,shavonne
5983,lacie
5984,shanita
5985,desirae
5986,abbey
5987,lyndsey
5988,shaunna
5989,marlana
5990,ariane
5991,kylee
5992,sierra
5993,leia
5994,natosha
5995,ariana
5996,somer
5997,ashleigh
5998,star
5999,alaina
6000,casie
6001,kindra
6002,precious
6003,kiana
6004,winter
6005,viviana
6006,breanne
6007,siobhan
6008,maren
6009,kylene
6010,breanna
6011,ashanti
6012,asia
6013,lyndsay
6014,sharee
6015,kacy
6016,princess
6017,ayesha
6018,rikki
6019,lynsey
6020,shaneka
6021,linsey
6022,loni
6023,perla
6024,kristyn
6025,anya
6026,mariana
6027,renada
6028,kacie
6029,britney
6030,reyna
6031,chimere
6032,kaci
6033,brynn
6034,laci
6035,tai
6036,ashlie
6037,jessi
6038,tatiana
6039,kati
6040,krystle
6041,tierra
6042,tiara
6043,fallon
6044,evita
6045,kaitlin
6046,martine
6047,kassandra
6048,jesica
6049,alexia
6050,toccara
6051,latoyia
6052,tashina
6053,chaya
6054,joi
6055,daniella
6056,katelyn
6057,kandace
6058,shanell
6059,kourtney
6060,nereida
6061,jazmin
6062,chelsey
6063,kaleena
6064,kala
6065,kassie
6066,jenilee
6067,emilee
6068,cassondra
6069,shaina
6070,shakira
6071,ciara
6072,hailey
6073,kali
6074,shena
6075,falon
6076,tawny
6077,arielle
6078,ashly
6079,chelsie
6080,tenika
6081,sharita
6082,cristen
6083,tabetha
6084,krysta
6085,carley
6086,arianna
6087,mallory
6088,kaitlyn
6089,ciji
6090,ashely
6091,giselle
6092,tess
6093,maegan
6094,echo
6095,dwan
6096,britni
6097,ashli
6098,paola
6099,ashlea
6100,caitlyn
6101,tyesha
6102,maira
6103,brittani
6104,tasia
6105,grisel
6106,kaylee
6107,shenna
6108,teela
6109,savanna
6110,breann
6111,mckenzie
6112,janessa
6113,kasandra
6114,markita
6115,karly
6116,magen
6117,dannielle
6118,cierra
6119,sade
6120,krystina
6121,micaela
6122,ciera
6123,brittni
6124,kayleigh
6125,britany
6126,alyse
6127,deandra
6128,brittny
6129,kaley
6130,alysha
6131,jazmine
6132,shaquita
6133,krysten
6134,brittanie
6135,krystin
6136,magan
6137,katelin
6138,violeta
6139,kasie
6140,jessika
6141,kelsie
6142,mariel
6143,shira
6144,jaqueline
6145,amberly
6146,samatha
6147,eliana
6148,kaleigh
6149,nakita
6150,phylicia
6151,brittaney
6152,katlyn
6153,shardae
6154,jerrica
6155,porsha
6156,britta
6157,sharde
6158,cherrelle
6159,katelynn
6160,mallorie
6161,cherelle
6162,malorie
6163,sable
6164,kaila
6165,ashlyn
6166,shanae
6167,sharday
6168,fabiola
6169,iliana
6170,kyrie
6171,leandra
6172,shatara
6173,kortney
6174,janay
6175,ayla
6176,cayla
6177,yessenia
6178,skye
6179,kelsi
6180,jerica
6181,tiera
6182,jesenia
6183,kaela
6184,karli
6185,porsche
6186,kalyn
6187,chanelle
6188,alessandra
6189,lakendra
6190,lauryn
6191,kaycee
6192,kailey
6193,denisse
6194,jessenia
6195,anjelica
6196,sarai
6197,tianna
6198,kaylin
6199,kaylyn
6200,denisha
6201,stephani
6202,kaylie
6203,danae
6204,shanice
6205,jaleesa
6206,jalisa
6207,whitley
6208,deja
6209,taja
6210,chelsi
6211,genesis
6212,katlin
6213,kimber
6214,brittnee
6215,kierra
6216,alexandrea
6217,anais
6218,allyssa
6219,kiersten
6220,breana
6221,diandra
6222,sarina
6223,lizbeth
6224,kiera
6225,katarina
6226,jalissa
6227,hali
6228,carli
6229,tiarra
6230,grecia
6231,moriah
6232,kaitlynn
6233,brittnie
6234,flor
6235,elizabet
6236,alexandr
6237,britny
6238,katherin
6239,mikayla
6240,audrianna
6241,kirstie
6242,asha
6243,kallie
6244,kelsea
6245,bryanna
6246,audriana
6247,danika
6248,gianna
6249,makayla
6250,martika
6251,mikaela
6252,destinee
6253,brittnay
6254,yajaira
6255,yasmine
6256,shaniqua
6257,shanelle
6258,lizeth
6259,joana
6260,ryann
6261,isamar
6262,latifah
6263,kanisha
6264,rubi
6265,mariela
6266,symone
6267,ivana
6268,heaven
6269,lucero
6270,shelbi
6271,alysa
6272,dulce
6273,brooklyn
6274,nataly
6275,imani
6276,kalie
6277,alannah
6278,fiona
6279,kanesha
6280,laken
6281,haleigh
6282,eryn
6283,elyssa
6284,shelbie
6285,demi
6286,ieshia
6287,makenzie
6288,shanequa
6289,karlee
6290,haylee
6291,cheyanne
6292,estefania
6293,halie
6294,chynna
6295,karlie
6296,stormy
6297,delaney
6298,carlee
6299,kailee
6300,alayna
6301,mckenna
6302,shaquana
6303,tiesha
6304,brielle
6305,marcela
6306,myranda
6307,miriah
6308,alexus
6309,kelcie
6310,emerald
6311,giovanna
6312,bryana
6313,china
6314,essence
6315,bria
6316,aracely
6317,aubree
6318,chelsy
6319,miesha
6320,cinthia
6321,brianda
6322,hailee
6323,karley
6324,ashlynn
6325,macey
6326,tatyana
6327,shawnee
6328,brea
6329,joselyn
6330,ivonne
6331,katerina
6332,marlee
6333,breonna
6334,shaniece
6335,kaylynn
6336,kinsey
6337,kenia
6338,destini
6339,kayley
6340,lexus
6341,selene
6342,yaritza
6343,khadijah
6344,kadijah
6345,halle
6346,brionna
6347,destiney
6348,jazmyn
6349,yazmin
6350,itzel
6351,kassidy
6352,coraima
6353,shannen
6354,kailyn
6355,kalene
6356,katlynn
6357,lexi
6358,deyanira
6359,yasmeen
6360,shyanne
6361,viridiana
6362,kaylene
6363,crysta
6364,reina
6365,alondra
6366,kayli
6367,nayeli
6368,jasmyn
6369,aspen
6370,jasmyne
6371,paloma
6372,eleni
6373,hana
6374,aaliyah
6375,aliyah
6376,dalia
6377,zhane
6378,mckayla
6379,clarisa
6380,mikala
6381,dayana
6382,maddison
6383,kianna
6384,kenzie
6385,bailee
6386,sydnee
6387,haylie
6388,nohely
6389,makenna
6390,vanesa
6391,cydney
6392,aleah
6393,shyann
6394,valentina
6395,caitlynn
6396,tatum
6397,adilene
6398,isis
6399,tatianna
6400,baylee
6401,shania
6402,jocelyne
6403,daisha
6404,kaelyn
6405,jayla
6406,dasia
6407,emely
6408,sydni
6409,abbigail
6410,miracle
6411,zoey
6412,unique
6413,iridian
6414,brooklynn
6415,alia
6416,keanna
6417,alivia
6418,daija
6419,sydnie
6420,fernanda
6421,daja
6422,lesly
6423,annika
6424,kyleigh
6425,sienna
6426,ciarra
6427,maci
6428,destany
6429,tamia
6430,moesha
6431,odalys
6432,yamilex
6433,zaria
6434,mireya
6435,alize
6436,xena
6437,dania
6438,katia
6439,maia
6440,amani
6441,shianne
6442,madisen
6443,odalis
6444,kaylah
6445,sarahi
6446,jailene
6447,jazlyn
6448,alyssia
6449,chyna
6450,estefany
6451,ansley
6452,madyson
6453,jaycie
6454,jacey
6455,lexis
6456,daijah
6457,joslyn
6458,dejah
6459,yulissa
6460,anahi
6461,aylin
6462,julisa
6463,salma
6464,madisyn
6465,erykah
6466,gisselle
6467,raegan
6468,tea
6469,estrella
6470,jayda
6471,rylie
6472,makala
6473,taya
6474,kaylan
6475,camila
6476,annalise
6477,jazmyne
6478,keeley
6479,shaylee
6480,savana
6481,madelynn
6482,micayla
6483,maeve
6484,nautica
6485,cali
6486,serenity
6487,yulisa
6488,baylie
6489,samara
6490,mya
6491,ally
6492,myah
6493,reanna
6494,madilyn
6495,felicity
6496,ireland
6497,skyla
6498,willow
6499,jaida
6500,abigayle
6501,jaelyn
6502,rhianna
6503,amira
6504,shae
6505,zoie
6506,caleigh
6507,abril
6508,deasia
6509,kaylen
6510,tayla
6511,alexys
6512,jaycee
6513,jayde
6514,kennedi
6515,amaya
6516,piper
6517,aniya
6518,noelia
6519,kiarra
6520,shaniya
6521,keara
6522,emmalee
6523,aiyana
6524,miya
6525,jalyn
6526,nyasia
6527,aniyah
6528,jaylene
6529,kyara
6530,citlalli
6531,abigale
6532,isabela
6533,tatyanna
6534,journey
6535,ryleigh
6536,aliya
6537,sky
6538,shyla
6539,bryn
6540,abagail
6541,izabella
6542,nya
6543,saige
6544,jakayla
6545,litzy
6546,brisa
6547,amya
6548,jackeline
6549,kaya
6550,jaquelin
6551,hailie
6552,nyah
6553,amara
6554,dariana
6555,yamilet
6556,monserrat
6557,cielo
6558,aryanna
6559,anaya
6560,arely
6561,kaia
6562,maryam
6563,anjali
6564,lilliana
6565,amiya
6566,belen
6567,aliza
6568,keira
6569,janiya
6570,ashtyn
6571,neha
6572,laisha
6573,amina
6574,jailyn
6575,kenna
6576,iyana
6577,maiya
6578,marlen
6579,nevaeh
6580,ainsley
6581,yuliana
6582,beyonce
6583,nayely
6584,johana
6585,nallely
6586,kaiya
6587,meadow
6588,makaila
6589,kya
6590,ximena
6591,jimena
6592,melany
6593,jamya
6594,taina
6595,aubrie
6596,frida
6597,kaliyah
6598,mikaila
6599,taliyah
6600,taniya
6601,citlali
6602,annabella
6603,dafne
6604,hayleigh
6605,yoselin
6606,areli
6607,madalynn
6608,priscila
6609,miah
6610,keila
6611,natalya
6612,jaylynn
6613,rianna
6614,sheyla
6615,aryana
6616,elle
6617,lisbeth
6618,evelin
6619,makena
6620,jaliyah
6621,keyla
6622,giana
6623,maleah
6624,shreya
6625,maliyah
6626,samira
6627,jalynn
6628,galilea
6629,riya
6630,cadence
6631,iyanna
6632,kiya
6633,jaylyn
6634,estefani
6635,yareli
6636,dayanara
6637,janiyah
6638,taniyah
6639,sanaa
6640,yahaira
6641,kadence
6642,amiyah
6643,tamya
6644,sherlyn
6645,natalee
6646,lainey
6647,angeles
6648,karyme
6649,arly
6650,saniya
6651,sariah
6652,kaydence
6653,alani
6654,amaris
6655,charlize
6656,kimora
6657,xiomara
6658,marin
6659,diya
6660,treasure
6661,aleena
6662,saniyah
6663,addyson
6664,karis
6665,gracelyn
6666,jaylee
6667,nathaly
6668,livia
6669,jayleen
6670,janiah
6671,gwyneth
6672,zariah
6673,averie
6674,heidy
6675,mikalah
6676,arleth
6677,karma
6678,siena
6679,jaelynn
6680,anabelle
6681,naima
6682,anneliese
6683,zara
6684,elliana
6685,kinsley
6686,selah
6687,jolette
6688,brylee
6689,myla
6690,yuridia
6691,montserrat
6692,valery
6693,lilianna
6694,leyla
6695,rihanna
6696,addisyn
6697,akeelah
6698,adison
6699,lilyana
6700,nathalia
6701,paisley
6702,yaretzi
6703,scarlet
6704,braelyn
6705,kamila
6706,cailyn
6707,bethzy
6708,adyson
6709,joselin
6710,mariyah
6711,kinley
6712,jaylah
6713,charlee
6714,adamaris
6715,malaya
6716,khloe
6717,amirah
6718,briley
6719,jorja
6720,rayne
6721,sanai
6722,dahlia
6723,lorelai
6724,neveah
6725,izabelle
6726,miley
6727,mylee
6728,jordin
6729,jaslene
6730,audrina
6731,azul
6732,marely
6733,shiloh
6734,madilynn
6735,jaeda
6736,jazlynn
6737,londyn
6738,giada
6739,adelyn
6740,jocelynn
6741,mylie
6742,adalyn
6743,aliana
6744,giuliana
6745,azaria
6746,zaniyah
6747,alyvia
6748,joseline
6749,kelis
6750,lillianna
6751,kylah
6752,hadassah
6753,allisson
6754,caylee
6755,mareli
6756,dayami
6757,alisson
6758,nylah
6759,jazlene
6760,adalynn
6761,jaslyn
6762,gemma
6763,lailah
6764,brynlee
6765,raelynn
6766,marlie
6767,anabella
6768,ariella
6769,kamora
6770,paityn
6771,payten
6772,amiah
6773,averi
6774,avah
6775,karsyn
6776,jamiya
6777,laylah
6778,carleigh
6779,kenley
6780,sloane
6781,elianna
